feature,coefficient,abs_coefficient
num__time_in_hospital,-0.006105987755662422,0.006105987755662422
num__num_lab_procedures,0.005380059458240139,0.005380059458240139
num__num_procedures,-0.01635909171613773,0.01635909171613773
num__num_medications,0.03443522984176286,0.03443522984176286
num__number_outpatient,-0.008583587302465312,0.008583587302465312
num__number_emergency,0.06907306641614229,0.06907306641614229
num__number_inpatient,0.336781532677319,0.336781532677319
num__number_diagnoses,0.0415945237687593,0.0415945237687593
cat__race_AfricanAmerican,0.009601373391368625,0.009601373391368625
cat__race_Asian,-0.02187445948535903,0.02187445948535903
cat__race_Caucasian,0.022022878960473245,0.022022878960473245
cat__race_Hispanic,-0.08811003071604546,0.08811003071604546
cat__race_Other,-0.035235872413629084,0.035235872413629084
cat__race_Unknown,-0.1307494752206217,0.1307494752206217
cat__gender_Female,0.03308066796594963,0.03308066796594963
cat__gender_Male,0.04805268622235498,0.04805268622235498
cat__gender_Unknown/Invalid,-0.32547893967227326,0.32547893967227326
cat__age_[0-10),-1.0474443506173727,1.0474443506173727
cat__age_[10-20),-0.30701694512530425,0.30701694512530425
cat__age_[20-30),0.20630146998471796,0.20630146998471796
cat__age_[30-40),0.12234530522182485,0.12234530522182485
cat__age_[40-50),0.12377306951402296,0.12377306951402296
cat__age_[50-60),0.018629282700834266,0.018629282700834266
cat__age_[60-70),0.12646110243649605,0.12646110243649605
cat__age_[70-80),0.19662605793367766,0.19662605793367766
cat__age_[80-90),0.20243138396932633,0.20243138396932633
cat__age_[90-100),0.11354803849804584,0.11354803849804584
cat__admission_type_id_1,0.1222758842014675,0.1222758842014675
cat__admission_type_id_2,0.05826296953206404,0.05826296953206404
cat__admission_type_id_3,0.07308179088302356,0.07308179088302356
cat__admission_type_id_4,0.5924606850910628,0.5924606850910628
cat__admission_type_id_5,-0.046099458833635296,0.046099458833635296
cat__admission_type_id_6,0.2065136368953624,0.2065136368953624
cat__admission_type_id_7,-1.2385353783999906,1.2385353783999906
cat__admission_type_id_8,-0.012305714853341494,0.012305714853341494
cat__discharge_disposition_id_1,0.05563254634765357,0.05563254634765357
cat__discharge_disposition_id_2,0.6283474971901758,0.6283474971901758
cat__discharge_disposition_id_3,0.46358698792169684,0.46358698792169684
cat__discharge_disposition_id_4,0.33034937857059016,0.33034937857059016
cat__discharge_disposition_id_5,1.074281415479387,1.074281415479387
cat__discharge_disposition_id_6,0.2667858707702242,0.2667858707702242
cat__discharge_disposition_id_7,0.4623875395604351,0.4623875395604351
cat__discharge_disposition_id_8,0.5063387029702717,0.5063387029702717
cat__discharge_disposition_id_9,1.2549622329746912,1.2549622329746912
cat__discharge_disposition_id_10,-0.9312809322385371,0.9312809322385371
cat__discharge_disposition_id_11,-5.059147040295492,5.059147040295492
cat__discharge_disposition_id_12,1.6964588335798163,1.6964588335798163
cat__discharge_disposition_id_13,-1.0701399163534373,1.0701399163534373
cat__discharge_disposition_id_14,-0.5889273675709287,0.5889273675709287
cat__discharge_disposition_id_15,1.9104248565802118,1.9104248565802118
cat__discharge_disposition_id_16,-1.1462643177471652,1.1462643177471652
cat__discharge_disposition_id_17,-1.2548398935130487,1.2548398935130487
cat__discharge_disposition_id_18,0.47632998285726186,0.47632998285726186
cat__discharge_disposition_id_19,-0.9600912820867906,0.9600912820867906
cat__discharge_disposition_id_20,-0.3984976351194855,0.3984976351194855
cat__discharge_disposition_id_22,1.3606883974058808,1.3606883974058808
cat__discharge_disposition_id_23,-0.5144781256192519,0.5144781256192519
cat__discharge_disposition_id_24,0.05626901075395876,0.05626901075395876
cat__discharge_disposition_id_25,0.018512511408918502,0.018512511408918502
cat__discharge_disposition_id_27,-0.5954286340527806,0.5954286340527806
cat__discharge_disposition_id_28,1.71339379474216,1.71339379474216
cat__admission_source_id_1,0.09698101287454503,0.09698101287454503
cat__admission_source_id_2,-0.091049081722871,0.091049081722871
cat__admission_source_id_3,0.46403985418489513,0.46403985418489513
cat__admission_source_id_4,-0.024432562160085703,0.024432562160085703
cat__admission_source_id_5,-0.17882087574237535,0.17882087574237535
cat__admission_source_id_6,0.03335910834373226,0.03335910834373226
cat__admission_source_id_7,0.10858869195843378,0.10858869195843378
cat__admission_source_id_8,0.25127617630942983,0.25127617630942983
cat__admission_source_id_9,0.07277151128071671,0.07277151128071671
cat__admission_source_id_10,-0.7133058017913152,0.7133058017913152
cat__admission_source_id_11,-0.23220822005206454,0.23220822005206454
cat__admission_source_id_14,-0.17135554549309,0.17135554549309
cat__admission_source_id_17,-0.08851950726388076,0.08851950726388076
cat__admission_source_id_20,0.2879604071619577,0.2879604071619577
cat__admission_source_id_22,0.08197667296475109,0.08197667296475109
cat__admission_source_id_25,-0.14160742633671394,0.14160742633671394
cat__diag_1_10,-0.13836455530206188,0.13836455530206188
cat__diag_1_11,-0.792360290166728,0.792360290166728
cat__diag_1_110,-0.48553943094775714,0.48553943094775714
cat__diag_1_112,0.6815964516829334,0.6815964516829334
cat__diag_1_114,-0.1850136472394865,0.1850136472394865
cat__diag_1_115,-0.1370353870300024,0.1370353870300024
cat__diag_1_117,-0.9257415119600417,0.9257415119600417
cat__diag_1_131,-0.2887039137209107,0.2887039137209107
cat__diag_1_133,-0.1651948669002899,0.1651948669002899
cat__diag_1_135,-1.7195016316567437,1.7195016316567437
cat__diag_1_136,-0.6718305939411786,0.6718305939411786
cat__diag_1_141,0.6297075371634124,0.6297075371634124
cat__diag_1_142,-0.36834294079227764,0.36834294079227764
cat__diag_1_143,-0.17890655566318672,0.17890655566318672
cat__diag_1_146,1.657265657786922,1.657265657786922
cat__diag_1_147,-0.15948561673181944,0.15948561673181944
cat__diag_1_148,-0.09961020327909664,0.09961020327909664
cat__diag_1_149,-0.23562942435449583,0.23562942435449583
cat__diag_1_150,0.7577355950980164,0.7577355950980164
cat__diag_1_151,-0.12128800310264759,0.12128800310264759
cat__diag_1_152,-0.1206827153651266,0.1206827153651266
cat__diag_1_153,0.19875052579370275,0.19875052579370275
cat__diag_1_154,-0.7498456963874957,0.7498456963874957
cat__diag_1_155,-0.17204664118531948,0.17204664118531948
cat__diag_1_156,-1.1932876449830523,1.1932876449830523
cat__diag_1_157,0.5827238196921551,0.5827238196921551
cat__diag_1_158,0.3893185442205741,0.3893185442205741
cat__diag_1_160,-0.0755336781143818,0.0755336781143818
cat__diag_1_161,0.13160921548444626,0.13160921548444626
cat__diag_1_162,0.2983379332825763,0.2983379332825763
cat__diag_1_163,-0.29230314570746674,0.29230314570746674
cat__diag_1_164,-0.09863518690811118,0.09863518690811118
cat__diag_1_170,-0.1467111582725902,0.1467111582725902
cat__diag_1_171,0.526815031856394,0.526815031856394
cat__diag_1_172,1.1694665844360272,1.1694665844360272
cat__diag_1_173,-0.2562916802827577,0.2562916802827577
cat__diag_1_174,0.19037542871105434,0.19037542871105434
cat__diag_1_175,-0.5441430947688817,0.5441430947688817
cat__diag_1_179,0.8478155269904291,0.8478155269904291
cat__diag_1_180,-0.6398659936672759,0.6398659936672759
cat__diag_1_182,0.13987535528195602,0.13987535528195602
cat__diag_1_183,0.475231195717502,0.475231195717502
cat__diag_1_184,-0.7606605108448626,0.7606605108448626
cat__diag_1_185,0.05491362744320984,0.05491362744320984
cat__diag_1_187,-0.19301812291276782,0.19301812291276782
cat__diag_1_188,0.2029227738901939,0.2029227738901939
cat__diag_1_189,0.23832661740720787,0.23832661740720787
cat__diag_1_191,0.669020156353111,0.669020156353111
cat__diag_1_192,-0.6269093062395413,0.6269093062395413
cat__diag_1_193,0.7261433791552012,0.7261433791552012
cat__diag_1_194,-0.3295528418234612,0.3295528418234612
cat__diag_1_195,0.6034967628605677,0.6034967628605677
cat__diag_1_196,0.15962771874270587,0.15962771874270587
cat__diag_1_197,0.4471080161788444,0.4471080161788444
cat__diag_1_198,0.32682247065766085,0.32682247065766085
cat__diag_1_199,1.1301133670494978,1.1301133670494978
cat__diag_1_200,1.2451269122664672,1.2451269122664672
cat__diag_1_201,0.48788704145598555,0.48788704145598555
cat__diag_1_202,0.7825828672179546,0.7825828672179546
cat__diag_1_203,0.3382693227352499,0.3382693227352499
cat__diag_1_204,1.4886518682639887,1.4886518682639887
cat__diag_1_205,-0.40468156759158996,0.40468156759158996
cat__diag_1_207,-0.1643760571809294,0.1643760571809294
cat__diag_1_208,1.2853950255077835,1.2853950255077835
cat__diag_1_210,-0.6341867109097648,0.6341867109097648
cat__diag_1_211,-0.18689706741157236,0.18689706741157236
cat__diag_1_212,-0.4665172311531254,0.4665172311531254
cat__diag_1_214,-0.5836247948402553,0.5836247948402553
cat__diag_1_215,-0.6021616999650364,0.6021616999650364
cat__diag_1_216,-0.14398294999663924,0.14398294999663924
cat__diag_1_217,-0.16256214474933842,0.16256214474933842
cat__diag_1_218,-0.9576888531677981,0.9576888531677981
cat__diag_1_219,-0.11334024484668555,0.11334024484668555
cat__diag_1_220,0.33369728324558595,0.33369728324558595
cat__diag_1_223,-0.5252167526589845,0.5252167526589845
cat__diag_1_225,0.4099772559514815,0.4099772559514815
cat__diag_1_226,-1.1883807084646705,1.1883807084646705
cat__diag_1_227,-0.8508584272761701,0.8508584272761701
cat__diag_1_228,-0.42057235649033176,0.42057235649033176
cat__diag_1_229,-0.36381697436196536,0.36381697436196536
cat__diag_1_23,1.4550307929210744,1.4550307929210744
cat__diag_1_230,0.6897794307469796,0.6897794307469796
cat__diag_1_233,-0.4415458443770513,0.4415458443770513
cat__diag_1_235,-1.499798104160849,1.499798104160849
cat__diag_1_236,-0.20462561870199925,0.20462561870199925
cat__diag_1_237,-0.9210158759385577,0.9210158759385577
cat__diag_1_238,0.4905607607066343,0.4905607607066343
cat__diag_1_239,1.2579431195667639,1.2579431195667639
cat__diag_1_240,-0.13144694308316446,0.13144694308316446
cat__diag_1_241,0.2718254374775996,0.2718254374775996
cat__diag_1_242,-0.2487323836373432,0.2487323836373432
cat__diag_1_244,-1.0740288388159211,1.0740288388159211
cat__diag_1_245,-0.49714602497314975,0.49714602497314975
cat__diag_1_246,-0.1045439526902385,0.1045439526902385
cat__diag_1_250,-0.12851291742877194,0.12851291742877194
cat__diag_1_250.01,-0.07395339846054175,0.07395339846054175
cat__diag_1_250.02,-0.2897967523268821,0.2897967523268821
cat__diag_1_250.03,0.04362135523964746,0.04362135523964746
cat__diag_1_250.1,0.4030977242075438,0.4030977242075438
cat__diag_1_250.11,0.3138499674837825,0.3138499674837825
cat__diag_1_250.12,-0.03587776878614113,0.03587776878614113
cat__diag_1_250.13,0.3240087917738998,0.3240087917738998
cat__diag_1_250.2,-0.5780454931657589,0.5780454931657589
cat__diag_1_250.21,0.2772761811201605,0.2772761811201605
cat__diag_1_250.22,-0.2880669332722952,0.2880669332722952
cat__diag_1_250.23,0.5406230814446729,0.5406230814446729
cat__diag_1_250.3,0.3677599147691618,0.3677599147691618
cat__diag_1_250.31,1.2787594006562035,1.2787594006562035
cat__diag_1_250.32,0.40156395075011275,0.40156395075011275
cat__diag_1_250.33,-0.016928109112734423,0.016928109112734423
cat__diag_1_250.4,-0.06228291205767336,0.06228291205767336
cat__diag_1_250.41,1.2768197158250882,1.2768197158250882
cat__diag_1_250.42,0.7051641436132455,0.7051641436132455
cat__diag_1_250.43,0.831017405333247,0.831017405333247
cat__diag_1_250.5,-0.764289357283771,0.764289357283771
cat__diag_1_250.51,-0.1607662423722382,0.1607662423722382
cat__diag_1_250.52,-0.5766624375221852,0.5766624375221852
cat__diag_1_250.53,-0.4643168052939878,0.4643168052939878
cat__diag_1_250.6,0.5232518988028899,0.5232518988028899
cat__diag_1_250.7,0.3854708389378721,0.3854708389378721
cat__diag_1_250.8,0.17412835175813346,0.17412835175813346
cat__diag_1_250.81,0.19943720990579253,0.19943720990579253
cat__diag_1_250.82,0.37151557434541377,0.37151557434541377
cat__diag_1_250.83,-0.3997274878800996,0.3997274878800996
cat__diag_1_250.9,-0.6872563287999849,0.6872563287999849
cat__diag_1_250.91,-0.3754723066021148,0.3754723066021148
cat__diag_1_250.92,0.6966593321846137,0.6966593321846137
cat__diag_1_250.93,0.37009865565261646,0.37009865565261646
cat__diag_1_251,0.40605560734436785,0.40605560734436785
cat__diag_1_252,-0.2702121556093658,0.2702121556093658
cat__diag_1_253,-0.06535172076748741,0.06535172076748741
cat__diag_1_255,0.6368179740628336,0.6368179740628336
cat__diag_1_261,-0.17950507655044948,0.17950507655044948
cat__diag_1_262,-0.10467549485214683,0.10467549485214683
cat__diag_1_263,1.8083478918679088,1.8083478918679088
cat__diag_1_266,-0.48765990927149855,0.48765990927149855
cat__diag_1_27,0.533601089889423,0.533601089889423
cat__diag_1_271,1.840066276380627,1.840066276380627
cat__diag_1_272,-0.6132739849983901,0.6132739849983901
cat__diag_1_273,-0.47960570910006817,0.47960570910006817
cat__diag_1_274,0.2227389722260777,0.2227389722260777
cat__diag_1_275,-0.47380544442081557,0.47380544442081557
cat__diag_1_276,0.34086811193514915,0.34086811193514915
cat__diag_1_277,0.41924362585487884,0.41924362585487884
cat__diag_1_278,-0.09447315076012827,0.09447315076012827
cat__diag_1_279,0.745995625721888,0.745995625721888
cat__diag_1_280,0.18712417110374466,0.18712417110374466
cat__diag_1_281,1.4405547681508584,1.4405547681508584
cat__diag_1_282,0.26840101364715974,0.26840101364715974
cat__diag_1_283,-0.7786046780425139,0.7786046780425139
cat__diag_1_284,0.05148596722249055,0.05148596722249055
cat__diag_1_285,0.4063067890153941,0.4063067890153941
cat__diag_1_286,-0.5024558320269008,0.5024558320269008
cat__diag_1_287,0.9283075501405148,0.9283075501405148
cat__diag_1_288,0.2631108594750052,0.2631108594750052
cat__diag_1_289,-0.45408850593431094,0.45408850593431094
cat__diag_1_290,0.07038137308302057,0.07038137308302057
cat__diag_1_291,0.2379871160350652,0.2379871160350652
cat__diag_1_292,0.2929921390215843,0.2929921390215843
cat__diag_1_293,0.25714588537279903,0.25714588537279903
cat__diag_1_294,0.44174450285827077,0.44174450285827077
cat__diag_1_295,0.4601512203622078,0.4601512203622078
cat__diag_1_296,0.41623739435553747,0.41623739435553747
cat__diag_1_297,1.0091354743136427,1.0091354743136427
cat__diag_1_298,0.8451451793305059,0.8451451793305059
cat__diag_1_3,-1.0004799996522231,1.0004799996522231
cat__diag_1_300,-0.03840779536423244,0.03840779536423244
cat__diag_1_301,-0.27164892692155795,0.27164892692155795
cat__diag_1_303,-0.650774007728146,0.650774007728146
cat__diag_1_304,-1.817741264039751,1.817741264039751
cat__diag_1_305,-0.47876351780298615,0.47876351780298615
cat__diag_1_306,0.6710264755146763,0.6710264755146763
cat__diag_1_307,-0.033137428152639294,0.033137428152639294
cat__diag_1_308,-0.24941916508839374,0.24941916508839374
cat__diag_1_309,0.18271659581375493,0.18271659581375493
cat__diag_1_31,0.528564307402487,0.528564307402487
cat__diag_1_310,0.5366684744409115,0.5366684744409115
cat__diag_1_311,0.3880872055933049,0.3880872055933049
cat__diag_1_312,0.8335255850581278,0.8335255850581278
cat__diag_1_314,-0.13481172672788885,0.13481172672788885
cat__diag_1_318,-0.15798700319024606,0.15798700319024606
cat__diag_1_320,-1.065069770903147,1.065069770903147
cat__diag_1_323,-0.9829758817109734,0.9829758817109734
cat__diag_1_324,-0.5106765386186982,0.5106765386186982
cat__diag_1_325,-0.15229976716919938,0.15229976716919938
cat__diag_1_327,0.14244850257394923,0.14244850257394923
cat__diag_1_331,0.11111498339487327,0.11111498339487327
cat__diag_1_332,0.3056599244017536,0.3056599244017536
cat__diag_1_333,-0.5982762692077134,0.5982762692077134
cat__diag_1_335,-0.7439685681980225,0.7439685681980225
cat__diag_1_336,-0.4670366901879375,0.4670366901879375
cat__diag_1_337,-0.8796292485479008,0.8796292485479008
cat__diag_1_338,0.9865417914930057,0.9865417914930057
cat__diag_1_34,0.9119368504794036,0.9119368504794036
cat__diag_1_340,0.7927090910199558,0.7927090910199558
cat__diag_1_341,0.7706997827807078,0.7706997827807078
cat__diag_1_342,-0.42104098367252296,0.42104098367252296
cat__diag_1_344,-0.5797862711366283,0.5797862711366283
cat__diag_1_345,0.046532061705661244,0.046532061705661244
cat__diag_1_346,-0.36208344340468485,0.36208344340468485
cat__diag_1_347,1.1533669421614021,1.1533669421614021
cat__diag_1_348,0.6450565799258177,0.6450565799258177
cat__diag_1_349,-0.2581850703335684,0.2581850703335684
cat__diag_1_35,-0.7179758987652354,0.7179758987652354
cat__diag_1_350,-0.26655264587954614,0.26655264587954614
cat__diag_1_351,-0.34287602245656007,0.34287602245656007
cat__diag_1_352,0.5932872253954282,0.5932872253954282
cat__diag_1_353,-0.7507363352347287,0.7507363352347287
cat__diag_1_354,0.3979817591737079,0.3979817591737079
cat__diag_1_355,-0.006758192982286648,0.006758192982286648
cat__diag_1_356,2.2580850749520303,2.2580850749520303
cat__diag_1_357,0.1964889423221782,0.1964889423221782
cat__diag_1_358,1.5564120828458508,1.5564120828458508
cat__diag_1_359,0.9909223197953224,0.9909223197953224
cat__diag_1_36,-0.2492167747786656,0.2492167747786656
cat__diag_1_360,-0.14118341337052878,0.14118341337052878
cat__diag_1_361,-0.3300286264636972,0.3300286264636972
cat__diag_1_362,-0.8664841820447834,0.8664841820447834
cat__diag_1_363,-0.11633280955415126,0.11633280955415126
cat__diag_1_365,-0.14654428265966365,0.14654428265966365
cat__diag_1_368,0.6131689018632993,0.6131689018632993
cat__diag_1_369,-0.4069586642471842,0.4069586642471842
cat__diag_1_370,-0.4814581226792189,0.4814581226792189
cat__diag_1_372,-0.0854016547971418,0.0854016547971418
cat__diag_1_374,0.9903445390369533,0.9903445390369533
cat__diag_1_375,-0.1196378097127397,0.1196378097127397
cat__diag_1_376,0.6865780609179657,0.6865780609179657
cat__diag_1_377,-0.23394916701305035,0.23394916701305035
cat__diag_1_378,-1.1435104051838338,1.1435104051838338
cat__diag_1_379,-0.4157071663719945,0.4157071663719945
cat__diag_1_38,0.2067734063678998,0.2067734063678998
cat__diag_1_380,-0.0036756736968813868,0.0036756736968813868
cat__diag_1_381,-0.10287381830192906,0.10287381830192906
cat__diag_1_382,-0.31950450451553136,0.31950450451553136
cat__diag_1_383,0.16740854126133484,0.16740854126133484
cat__diag_1_384,-0.2163676536087881,0.2163676536087881
cat__diag_1_385,-0.1348279545527125,0.1348279545527125
cat__diag_1_386,-0.9673761963706019,0.9673761963706019
cat__diag_1_388,-0.3994077801990159,0.3994077801990159
cat__diag_1_389,-0.20232332251581422,0.20232332251581422
cat__diag_1_39,-0.1654769809172718,0.1654769809172718
cat__diag_1_394,0.323831176736788,0.323831176736788
cat__diag_1_395,-0.45786510247864015,0.45786510247864015
cat__diag_1_396,0.912952259116754,0.912952259116754
cat__diag_1_397,0.8279425749697159,0.8279425749697159
cat__diag_1_398,0.0023403245747464483,0.0023403245747464483
cat__diag_1_401,0.3055502168336064,0.3055502168336064
cat__diag_1_402,0.37421625089417504,0.37421625089417504
cat__diag_1_403,0.6301556412815006,0.6301556412815006
cat__diag_1_404,0.4356288550842966,0.4356288550842966
cat__diag_1_405,-0.4433026254929298,0.4433026254929298
cat__diag_1_41,-1.007868441193981,1.007868441193981
cat__diag_1_410,0.31339103855026496,0.31339103855026496
cat__diag_1_411,0.14753541381350654,0.14753541381350654
cat__diag_1_412,-0.08992073363966523,0.08992073363966523
cat__diag_1_413,0.4848716987298939,0.4848716987298939
cat__diag_1_414,0.2614493221434565,0.2614493221434565
cat__diag_1_415,-0.09314307754766518,0.09314307754766518
cat__diag_1_416,-0.6238351778206963,0.6238351778206963
cat__diag_1_417,-0.15909666562393912,0.15909666562393912
cat__diag_1_42,0.10777516215155487,0.10777516215155487
cat__diag_1_420,0.8944059057017372,0.8944059057017372
cat__diag_1_421,0.1381267171154454,0.1381267171154454
cat__diag_1_422,-0.34319944257881835,0.34319944257881835
cat__diag_1_423,0.80043709550299,0.80043709550299
cat__diag_1_424,0.45707443324571945,0.45707443324571945
cat__diag_1_425,-0.043045073030045664,0.043045073030045664
cat__diag_1_426,0.2805680689197823,0.2805680689197823
cat__diag_1_427,0.11835833189800456,0.11835833189800456
cat__diag_1_428,0.38633790707145776,0.38633790707145776
cat__diag_1_429,0.6241890936127298,0.6241890936127298
cat__diag_1_430,-1.450391845083673,1.450391845083673
cat__diag_1_431,-0.2882962414864881,0.2882962414864881
cat__diag_1_432,0.2125294171000101,0.2125294171000101
cat__diag_1_433,0.3955601573460169,0.3955601573460169
cat__diag_1_434,0.4303917818889397,0.4303917818889397
cat__diag_1_435,-0.06674046525878283,0.06674046525878283
cat__diag_1_436,0.0768876646503639,0.0768876646503639
cat__diag_1_437,0.27019923510502025,0.27019923510502025
cat__diag_1_438,0.8260878948550305,0.8260878948550305
cat__diag_1_440,0.5958531497257644,0.5958531497257644
cat__diag_1_441,0.2851015890052007,0.2851015890052007
cat__diag_1_442,-0.049795940364831835,0.049795940364831835
cat__diag_1_443,1.0361620188072482,1.0361620188072482
cat__diag_1_444,0.6739885706356183,0.6739885706356183
cat__diag_1_445,0.07500192636461046,0.07500192636461046
cat__diag_1_446,0.14459936304127063,0.14459936304127063
cat__diag_1_447,0.7603274722909698,0.7603274722909698
cat__diag_1_448,-0.21139515286802482,0.21139515286802482
cat__diag_1_451,0.3006988112279506,0.3006988112279506
cat__diag_1_452,0.8087330988866938,0.8087330988866938
cat__diag_1_453,0.20955890667930427,0.20955890667930427
cat__diag_1_454,-1.0416589118299142,1.0416589118299142
cat__diag_1_455,-0.10397319755403203,0.10397319755403203
cat__diag_1_456,0.1173578310246757,0.1173578310246757
cat__diag_1_457,0.5640068233912643,0.5640068233912643
cat__diag_1_458,-0.25801398023124356,0.25801398023124356
cat__diag_1_459,-0.3420394570704642,0.3420394570704642
cat__diag_1_461,-0.49203894191033276,0.49203894191033276
cat__diag_1_462,-0.8537322962197487,0.8537322962197487
cat__diag_1_463,-0.5429484349843133,0.5429484349843133
cat__diag_1_464,1.0265874166167726,1.0265874166167726
cat__diag_1_465,0.49925768265430676,0.49925768265430676
cat__diag_1_466,0.364585270673511,0.364585270673511
cat__diag_1_47,0.13883362980383013,0.13883362980383013
cat__diag_1_470,-0.3234334040600825,0.3234334040600825
cat__diag_1_471,-0.06854803193522062,0.06854803193522062
cat__diag_1_473,0.5004633983704861,0.5004633983704861
cat__diag_1_474,-0.42184693709877324,0.42184693709877324
cat__diag_1_475,1.1372700717459832,1.1372700717459832
cat__diag_1_477,-0.12692309358889503,0.12692309358889503
cat__diag_1_478,0.8748831947505312,0.8748831947505312
cat__diag_1_48,1.0399806282853847,1.0399806282853847
cat__diag_1_480,-0.06817038612173158,0.06817038612173158
cat__diag_1_481,-0.9226372587340388,0.9226372587340388
cat__diag_1_482,0.06164119827489842,0.06164119827489842
cat__diag_1_483,-0.3561010696857493,0.3561010696857493
cat__diag_1_485,-0.0761423102580345,0.0761423102580345
cat__diag_1_486,-0.14710203638905567,0.14710203638905567
cat__diag_1_487,-0.20298459081250714,0.20298459081250714
cat__diag_1_49,-0.3128753572369134,0.3128753572369134
cat__diag_1_490,-0.27946242516191844,0.27946242516191844
cat__diag_1_491,0.16631396717914584,0.16631396717914584
cat__diag_1_492,0.4873670382380748,0.4873670382380748
cat__diag_1_493,0.15070858204437335,0.15070858204437335
cat__diag_1_494,-0.00014695268582204336,0.00014695268582204336
cat__diag_1_495,-0.6096947750358224,0.6096947750358224
cat__diag_1_496,0.06866958662316486,0.06866958662316486
cat__diag_1_5,0.3953124823230159,0.3953124823230159
cat__diag_1_500,-0.3000468254363625,0.3000468254363625
cat__diag_1_501,-0.3155741725335789,0.3155741725335789
cat__diag_1_506,1.6535122762747123,1.6535122762747123
cat__diag_1_507,0.3553675413497638,0.3553675413497638
cat__diag_1_508,0.6636212630223256,0.6636212630223256
cat__diag_1_510,-0.7722312734781598,0.7722312734781598
cat__diag_1_511,0.5181763214490716,0.5181763214490716
cat__diag_1_512,0.8465265699363044,0.8465265699363044
cat__diag_1_513,-0.17540207928987797,0.17540207928987797
cat__diag_1_514,0.646121568037692,0.646121568037692
cat__diag_1_515,0.5394248309774957,0.5394248309774957
cat__diag_1_516,0.0317347542726162,0.0317347542726162
cat__diag_1_518,0.06225729602663921,0.06225729602663921
cat__diag_1_519,0.10875823935625449,0.10875823935625449
cat__diag_1_52,0.36427257917608624,0.36427257917608624
cat__diag_1_521,-0.8202990972103389,0.8202990972103389
cat__diag_1_522,-1.5519424648278104,1.5519424648278104
cat__diag_1_523,-0.14055275046051247,0.14055275046051247
cat__diag_1_524,-0.4762049068343128,0.4762049068343128
cat__diag_1_526,1.69645115965724,1.69645115965724
cat__diag_1_527,-0.6363573698639604,0.6363573698639604
cat__diag_1_528,-1.5026066295492149,1.5026066295492149
cat__diag_1_529,-0.23168586850375747,0.23168586850375747
cat__diag_1_53,0.17515593584032627,0.17515593584032627
cat__diag_1_530,0.09417217664430602,0.09417217664430602
cat__diag_1_531,0.024400215982891462,0.024400215982891462
cat__diag_1_532,-0.08114256511495131,0.08114256511495131
cat__diag_1_533,0.3765453060021633,0.3765453060021633
cat__diag_1_534,-0.22238312849043324,0.22238312849043324
cat__diag_1_535,-0.11622032177238431,0.11622032177238431
cat__diag_1_536,-0.1691424476670046,0.1691424476670046
cat__diag_1_537,0.5610603953777517,0.5610603953777517
cat__diag_1_54,-0.7590931991855273,0.7590931991855273
cat__diag_1_540,-0.4869660360411858,0.4869660360411858
cat__diag_1_541,-0.6376443894057776,0.6376443894057776
cat__diag_1_542,-0.2436785252551667,0.2436785252551667
cat__diag_1_550,0.41894863193181237,0.41894863193181237
cat__diag_1_551,0.15159983921210954,0.15159983921210954
cat__diag_1_552,0.4079763978810632,0.4079763978810632
cat__diag_1_553,-0.21678894861684556,0.21678894861684556
cat__diag_1_555,-0.3948878968998234,0.3948878968998234
cat__diag_1_556,-1.0702139669885804,1.0702139669885804
cat__diag_1_557,0.0470746360743555,0.0470746360743555
cat__diag_1_558,0.3291468913452826,0.3291468913452826
cat__diag_1_560,0.19342697692811714,0.19342697692811714
cat__diag_1_562,0.3300705694521287,0.3300705694521287
cat__diag_1_564,0.2658897730381119,0.2658897730381119
cat__diag_1_565,0.07773577596170436,0.07773577596170436
cat__diag_1_566,-1.3604894416108495,1.3604894416108495
cat__diag_1_567,0.6849427848765479,0.6849427848765479
cat__diag_1_568,0.13006286761571,0.13006286761571
cat__diag_1_569,-0.1501639821393366,0.1501639821393366
cat__diag_1_57,-0.1270634984471296,0.1270634984471296
cat__diag_1_570,-0.7543833735880976,0.7543833735880976
cat__diag_1_571,0.5243629770868055,0.5243629770868055
cat__diag_1_572,0.577058465858295,0.577058465858295
cat__diag_1_573,-0.4408921018059132,0.4408921018059132
cat__diag_1_574,0.12191853458832992,0.12191853458832992
cat__diag_1_575,0.4868148932749195,0.4868148932749195
cat__diag_1_576,0.6792659277270127,0.6792659277270127
cat__diag_1_577,0.35184111311725774,0.35184111311725774
cat__diag_1_578,0.17956756261073767,0.17956756261073767
cat__diag_1_579,-0.6573272102914632,0.6573272102914632
cat__diag_1_58,-0.23160506391341817,0.23160506391341817
cat__diag_1_580,0.6044468298047585,0.6044468298047585
cat__diag_1_581,0.3193580097073998,0.3193580097073998
cat__diag_1_582,-0.281830693301103,0.281830693301103
cat__diag_1_583,-0.6640858695415787,0.6640858695415787
cat__diag_1_584,0.2905595364852008,0.2905595364852008
cat__diag_1_585,0.3025464821235252,0.3025464821235252
cat__diag_1_586,0.7632751087179307,0.7632751087179307
cat__diag_1_588,1.1940498600397031,1.1940498600397031
cat__diag_1_590,-0.32647588339854566,0.32647588339854566
cat__diag_1_591,0.36720862390732156,0.36720862390732156
cat__diag_1_592,0.5564097405363809,0.5564097405363809
cat__diag_1_593,0.8480353412678264,0.8480353412678264
cat__diag_1_594,0.5996408116525948,0.5996408116525948
cat__diag_1_595,0.14502158804130363,0.14502158804130363
cat__diag_1_596,-0.8788242724362114,0.8788242724362114
cat__diag_1_598,0.4725760854776082,0.4725760854776082
cat__diag_1_599,0.023302053240099416,0.023302053240099416
cat__diag_1_600,0.6890172884960408,0.6890172884960408
cat__diag_1_601,-1.1000476947132674,1.1000476947132674
cat__diag_1_602,-0.23339491841340523,0.23339491841340523
cat__diag_1_603,-0.08199049923122972,0.08199049923122972
cat__diag_1_604,-0.42332643771464856,0.42332643771464856
cat__diag_1_607,-0.16989852753438187,0.16989852753438187
cat__diag_1_608,0.8526098080519313,0.8526098080519313
cat__diag_1_61,-0.11647052568223254,0.11647052568223254
cat__diag_1_610,-0.29151181691782935,0.29151181691782935
cat__diag_1_611,0.385464771946468,0.385464771946468
cat__diag_1_614,-0.5287760156093483,0.5287760156093483
cat__diag_1_615,-0.17106774574840972,0.17106774574840972
cat__diag_1_616,-1.4908155587434269,1.4908155587434269
cat__diag_1_617,-1.1977809904559744,1.1977809904559744
cat__diag_1_618,-0.6045388585681537,0.6045388585681537
cat__diag_1_619,1.229868866496384,1.229868866496384
cat__diag_1_620,-0.7778630758351672,0.7778630758351672
cat__diag_1_621,-1.2149784619902984,1.2149784619902984
cat__diag_1_622,-0.4109376799002807,0.4109376799002807
cat__diag_1_623,-0.2865537260209379,0.2865537260209379
cat__diag_1_625,-0.6106847255056281,0.6106847255056281
cat__diag_1_626,-0.27849420764922106,0.27849420764922106
cat__diag_1_627,0.24685455168706305,0.24685455168706305
cat__diag_1_632,-0.10682216625604603,0.10682216625604603
cat__diag_1_633,-0.3100238819213735,0.3100238819213735
cat__diag_1_634,-0.09751858045753659,0.09751858045753659
cat__diag_1_637,-0.09740021311654913,0.09740021311654913
cat__diag_1_641,-0.4055983048181841,0.4055983048181841
cat__diag_1_642,0.7667591136298838,0.7667591136298838
cat__diag_1_643,2.0327579733270214,2.0327579733270214
cat__diag_1_644,1.4852039732037245,1.4852039732037245
cat__diag_1_646,1.93795657813525,1.93795657813525
cat__diag_1_647,-0.36520205544076917,0.36520205544076917
cat__diag_1_648,0.36463859670134113,0.36463859670134113
cat__diag_1_652,-0.5995899133277475,0.5995899133277475
cat__diag_1_653,-0.18606901267392603,0.18606901267392603
cat__diag_1_654,-0.5947676968704355,0.5947676968704355
cat__diag_1_655,-0.24575620975408763,0.24575620975408763
cat__diag_1_656,-1.0424322088248381,1.0424322088248381
cat__diag_1_657,-0.07626978661896901,0.07626978661896901
cat__diag_1_658,0.8358045522863959,0.8358045522863959
cat__diag_1_659,0.11528327421695983,0.11528327421695983
cat__diag_1_66,-0.5240783532599751,0.5240783532599751
cat__diag_1_660,0.44354661263077705,0.44354661263077705
cat__diag_1_661,-1.0576018362416137,1.0576018362416137
cat__diag_1_663,-0.32539157995095286,0.32539157995095286
cat__diag_1_664,-0.7815022149784637,0.7815022149784637
cat__diag_1_665,-0.12584590805602786,0.12584590805602786
cat__diag_1_669,-0.2663508980977121,0.2663508980977121
cat__diag_1_671,-0.025571999149965226,0.025571999149965226
cat__diag_1_674,-0.4124694071529604,0.4124694071529604
cat__diag_1_680,0.2077614275476334,0.2077614275476334
cat__diag_1_681,0.3135597525097053,0.3135597525097053
cat__diag_1_682,-0.07105549512212353,0.07105549512212353
cat__diag_1_683,-0.2646760273231931,0.2646760273231931
cat__diag_1_684,-0.09047018740191197,0.09047018740191197
cat__diag_1_685,0.30288373305048194,0.30288373305048194
cat__diag_1_686,-0.7520131507482087,0.7520131507482087
cat__diag_1_691,-0.089350996082918,0.089350996082918
cat__diag_1_692,-0.4240137473573076,0.4240137473573076
cat__diag_1_693,0.35001201546039284,0.35001201546039284
cat__diag_1_694,0.26858510959973086,0.26858510959973086
cat__diag_1_695,-0.3095243783589596,0.3095243783589596
cat__diag_1_696,0.5984392375633242,0.5984392375633242
cat__diag_1_7,-0.20235302992465473,0.20235302992465473
cat__diag_1_70,0.2057322275960303,0.2057322275960303
cat__diag_1_700,-0.14932078743251848,0.14932078743251848
cat__diag_1_703,-0.1427809864959936,0.1427809864959936
cat__diag_1_704,-0.14434943209065465,0.14434943209065465
cat__diag_1_705,0.38995145411007054,0.38995145411007054
cat__diag_1_706,-0.2784380416705932,0.2784380416705932
cat__diag_1_707,0.5567336823635672,0.5567336823635672
cat__diag_1_708,-0.6740423395229904,0.6740423395229904
cat__diag_1_709,0.8454482964859611,0.8454482964859611
cat__diag_1_710,0.4954952340848865,0.4954952340848865
cat__diag_1_711,0.5574049937357807,0.5574049937357807
cat__diag_1_714,0.2286203824319686,0.2286203824319686
cat__diag_1_715,0.1956122983495184,0.1956122983495184
cat__diag_1_716,0.38551897480676073,0.38551897480676073
cat__diag_1_717,0.3911929737598662,0.3911929737598662
cat__diag_1_718,0.9720952975829745,0.9720952975829745
cat__diag_1_719,0.45050668046955467,0.45050668046955467
cat__diag_1_720,-0.6396312810882101,0.6396312810882101
cat__diag_1_721,-0.1467648251041316,0.1467648251041316
cat__diag_1_722,-0.3063437125090043,0.3063437125090043
cat__diag_1_723,-1.1750556846374125,1.1750556846374125
cat__diag_1_724,-0.28046089079806863,0.28046089079806863
cat__diag_1_725,-1.0099500186649195,1.0099500186649195
cat__diag_1_726,-0.8107095543804868,0.8107095543804868
cat__diag_1_727,0.028545789084488057,0.028545789084488057
cat__diag_1_728,0.22831941319777416,0.22831941319777416
cat__diag_1_729,0.018166380882134313,0.018166380882134313
cat__diag_1_730,0.21518885368809046,0.21518885368809046
cat__diag_1_731,1.0640343680795281,1.0640343680795281
cat__diag_1_732,-0.17210117557432786,0.17210117557432786
cat__diag_1_733,-0.029418515263599947,0.029418515263599947
cat__diag_1_734,-0.4585564948914983,0.4585564948914983
cat__diag_1_735,-0.24555449507592333,0.24555449507592333
cat__diag_1_736,0.4086251911307431,0.4086251911307431
cat__diag_1_737,1.1349067797605288,1.1349067797605288
cat__diag_1_738,0.08326486376849478,0.08326486376849478
cat__diag_1_745,-0.830996038211646,0.830996038211646
cat__diag_1_746,-0.7347152513600193,0.7347152513600193
cat__diag_1_747,-0.4149105557148207,0.4149105557148207
cat__diag_1_75,-0.2893884686566775,0.2893884686566775
cat__diag_1_751,-0.5200421170549119,0.5200421170549119
cat__diag_1_753,0.6713679095809671,0.6713679095809671
cat__diag_1_756,1.3295241338401556,1.3295241338401556
cat__diag_1_759,-0.3954450143499049,0.3954450143499049
cat__diag_1_78,-0.8780452090956997,0.8780452090956997
cat__diag_1_780,-0.012232536030825499,0.012232536030825499
cat__diag_1_781,0.5731367545447312,0.5731367545447312
cat__diag_1_782,-0.17262376405206964,0.17262376405206964
cat__diag_1_783,-0.04568848157615549,0.04568848157615549
cat__diag_1_784,-0.25214508502031846,0.25214508502031846
cat__diag_1_785,0.18393885125608986,0.18393885125608986
cat__diag_1_786,-0.0727704423326569,0.0727704423326569
cat__diag_1_787,0.8018133535697329,0.8018133535697329
cat__diag_1_788,0.4449601668531248,0.4449601668531248
cat__diag_1_789,0.1971309661712182,0.1971309661712182
cat__diag_1_79,0.4187814504310408,0.4187814504310408
cat__diag_1_790,0.539415554159786,0.539415554159786
cat__diag_1_791,-0.14477525398347493,0.14477525398347493
cat__diag_1_792,0.5345876600773144,0.5345876600773144
cat__diag_1_793,-0.46848264731062084,0.46848264731062084
cat__diag_1_794,0.1733112590952447,0.1733112590952447
cat__diag_1_795,-0.24987905301404342,0.24987905301404342
cat__diag_1_796,0.39212620067648185,0.39212620067648185
cat__diag_1_797,-0.436524514858545,0.436524514858545
cat__diag_1_799,0.11770992590348536,0.11770992590348536
cat__diag_1_8,0.12686053240015077,0.12686053240015077
cat__diag_1_800,-0.4360035186310968,0.4360035186310968
cat__diag_1_801,-0.2858911299560886,0.2858911299560886
cat__diag_1_802,-0.5412476379390929,0.5412476379390929
cat__diag_1_803,-0.11776328409994705,0.11776328409994705
cat__diag_1_804,-0.003971362128915182,0.003971362128915182
cat__diag_1_805,0.06378153920825254,0.06378153920825254
cat__diag_1_806,0.4846134901800421,0.4846134901800421
cat__diag_1_807,-0.015294347471211398,0.015294347471211398
cat__diag_1_808,0.1322909846870585,0.1322909846870585
cat__diag_1_810,-0.8424313813174378,0.8424313813174378
cat__diag_1_812,0.04890293331584918,0.04890293331584918
cat__diag_1_813,-0.22971718429794113,0.22971718429794113
cat__diag_1_814,-0.6064533823839535,0.6064533823839535
cat__diag_1_815,-0.3180688729304934,0.3180688729304934
cat__diag_1_816,0.028019606848697164,0.028019606848697164
cat__diag_1_817,-0.10891436713379164,0.10891436713379164
cat__diag_1_82,1.4131226344665315,1.4131226344665315
cat__diag_1_820,0.17729804777928773,0.17729804777928773
cat__diag_1_821,-0.19875634018309102,0.19875634018309102
cat__diag_1_822,-0.07933983844904866,0.07933983844904866
cat__diag_1_823,0.05114266561267565,0.05114266561267565
cat__diag_1_824,0.2930158771687324,0.2930158771687324
cat__diag_1_825,-0.4788839953154931,0.4788839953154931
cat__diag_1_826,1.2345590894167606,1.2345590894167606
cat__diag_1_827,-0.1797012525048628,0.1797012525048628
cat__diag_1_831,-0.6327976965573537,0.6327976965573537
cat__diag_1_832,-0.10004205426583893,0.10004205426583893
cat__diag_1_835,-0.43752473562660904,0.43752473562660904
cat__diag_1_836,-0.5867214633994595,0.5867214633994595
cat__diag_1_837,-0.10069811150291202,0.10069811150291202
cat__diag_1_838,-0.15761038909707287,0.15761038909707287
cat__diag_1_839,-0.09531856591012886,0.09531856591012886
cat__diag_1_84,-0.11899946982474881,0.11899946982474881
cat__diag_1_840,-0.9218312430917356,0.9218312430917356
cat__diag_1_842,-0.08671798522604698,0.08671798522604698
cat__diag_1_843,-1.2982182802386766,1.2982182802386766
cat__diag_1_844,-1.015402412409601,1.015402412409601
cat__diag_1_845,-0.5996104077855081,0.5996104077855081
cat__diag_1_846,-0.56956590065563,0.56956590065563
cat__diag_1_847,-0.3113000579184417,0.3113000579184417
cat__diag_1_848,-0.477875129335057,0.477875129335057
cat__diag_1_850,-1.0295379536963294,1.0295379536963294
cat__diag_1_851,-0.21709041371149343,0.21709041371149343
cat__diag_1_852,0.3211927565108842,0.3211927565108842
cat__diag_1_853,1.0819028189274855,1.0819028189274855
cat__diag_1_854,0.28417988273862127,0.28417988273862127
cat__diag_1_860,0.7642279733099234,0.7642279733099234
cat__diag_1_861,0.19210622333484695,0.19210622333484695
cat__diag_1_862,-0.23950116649834347,0.23950116649834347
cat__diag_1_863,-0.2462171953219826,0.2462171953219826
cat__diag_1_864,-0.6882632413641673,0.6882632413641673
cat__diag_1_865,-0.6232722036098026,0.6232722036098026
cat__diag_1_866,-0.7794387617356083,0.7794387617356083
cat__diag_1_867,-1.2770115758320086,1.2770115758320086
cat__diag_1_868,-0.2550890434996292,0.2550890434996292
cat__diag_1_870,-0.09408749098511719,0.09408749098511719
cat__diag_1_871,-0.2928980601646854,0.2928980601646854
cat__diag_1_873,-1.133004195819618,1.133004195819618
cat__diag_1_875,-0.09342539369797208,0.09342539369797208
cat__diag_1_878,-0.3417708007962354,0.3417708007962354
cat__diag_1_879,-0.4025249189496938,0.4025249189496938
cat__diag_1_88,-0.9036342414810004,0.9036342414810004
cat__diag_1_880,-0.19975121632541534,0.19975121632541534
cat__diag_1_881,-0.37648924319911875,0.37648924319911875
cat__diag_1_882,0.48183130935738855,0.48183130935738855
cat__diag_1_883,-0.5531906460450169,0.5531906460450169
cat__diag_1_885,-0.06388939343924889,0.06388939343924889
cat__diag_1_886,-0.3307679907879358,0.3307679907879358
cat__diag_1_890,0.18741936189845781,0.18741936189845781
cat__diag_1_891,-1.1068114727249543,1.1068114727249543
cat__diag_1_892,-1.0514162996388396,1.0514162996388396
cat__diag_1_893,-0.7681294292891198,0.7681294292891198
cat__diag_1_895,-0.23223509573005777,0.23223509573005777
cat__diag_1_897,-0.36302502859302327,0.36302502859302327
cat__diag_1_9,-0.6446147830229791,0.6446147830229791
cat__diag_1_903,-0.07032553035235359,0.07032553035235359
cat__diag_1_904,1.560619996166933,1.560619996166933
cat__diag_1_906,1.097952888339362,1.097952888339362
cat__diag_1_911,-0.14647419422266167,0.14647419422266167
cat__diag_1_913,-0.3396479426455087,0.3396479426455087
cat__diag_1_914,-0.3637184068130946,0.3637184068130946
cat__diag_1_915,-0.14149808334809594,0.14149808334809594
cat__diag_1_916,-0.39548204918030627,0.39548204918030627
cat__diag_1_917,-0.17044852159577178,0.17044852159577178
cat__diag_1_919,-0.2090814253173904,0.2090814253173904
cat__diag_1_920,-0.3475709023082469,0.3475709023082469
cat__diag_1_921,-0.23804198203016816,0.23804198203016816
cat__diag_1_922,1.0092107091601747,1.0092107091601747
cat__diag_1_923,-0.384126126195391,0.384126126195391
cat__diag_1_924,-0.401675162463694,0.401675162463694
cat__diag_1_928,-0.19563804044372826,0.19563804044372826
cat__diag_1_933,-1.2823500908337133,1.2823500908337133
cat__diag_1_934,0.6376950755026114,0.6376950755026114
cat__diag_1_935,0.7052747721169565,0.7052747721169565
cat__diag_1_936,-0.1427985984993507,0.1427985984993507
cat__diag_1_939,-0.10406605774802323,0.10406605774802323
cat__diag_1_94,0.1950614574908644,0.1950614574908644
cat__diag_1_941,-0.3162906246323508,0.3162906246323508
cat__diag_1_942,0.7912882921992624,0.7912882921992624
cat__diag_1_944,-0.3369051946623227,0.3369051946623227
cat__diag_1_945,-1.1325854229025076,1.1325854229025076
cat__diag_1_952,0.3160719047198813,0.3160719047198813
cat__diag_1_955,-0.10661059287411978,0.10661059287411978
cat__diag_1_957,-0.14000873177138137,0.14000873177138137
cat__diag_1_958,-0.03575197528415658,0.03575197528415658
cat__diag_1_959,0.5719117256235892,0.5719117256235892
cat__diag_1_962,0.7527541093593058,0.7527541093593058
cat__diag_1_963,-0.28892678044931613,0.28892678044931613
cat__diag_1_964,0.9236409444077296,0.9236409444077296
cat__diag_1_965,0.6152971264439819,0.6152971264439819
cat__diag_1_966,0.6849653083697849,0.6849653083697849
cat__diag_1_967,1.044065994290392,1.044065994290392
cat__diag_1_968,-0.9334301324859284,0.9334301324859284
cat__diag_1_969,0.19134001778615514,0.19134001778615514
cat__diag_1_97,-0.2923895973404498,0.2923895973404498
cat__diag_1_970,-0.713098207236171,0.713098207236171
cat__diag_1_971,-0.19551260164000805,0.19551260164000805
cat__diag_1_972,0.6975636030983418,0.6975636030983418
cat__diag_1_973,0.6306510961763419,0.6306510961763419
cat__diag_1_974,0.7750978306659855,0.7750978306659855
cat__diag_1_975,-0.31979278431804237,0.31979278431804237
cat__diag_1_977,-1.3873492305049802,1.3873492305049802
cat__diag_1_98,-0.1051302170318121,0.1051302170318121
cat__diag_1_983,-0.42411915035227044,0.42411915035227044
cat__diag_1_986,-0.4824703495406667,0.4824703495406667
cat__diag_1_987,-0.34179056527617163,0.34179056527617163
cat__diag_1_989,0.5549218440248376,0.5549218440248376
cat__diag_1_990,-0.36508375743429117,0.36508375743429117
cat__diag_1_991,-0.9597974618752811,0.9597974618752811
cat__diag_1_992,-0.8049663194261975,0.8049663194261975
cat__diag_1_995,0.21990394875325947,0.21990394875325947
cat__diag_1_996,0.21841363705512995,0.21841363705512995
cat__diag_1_997,-0.40388668256152976,0.40388668256152976
cat__diag_1_998,0.08123023403688728,0.08123023403688728
cat__diag_1_999,-1.0310993801290833,1.0310993801290833
cat__diag_1_E909,-0.09839910507875282,0.09839910507875282
cat__diag_1_Unknown,1.093486206895514,1.093486206895514
cat__diag_1_V07,-0.3274424328581011,0.3274424328581011
cat__diag_1_V25,-0.10744838192126288,0.10744838192126288
cat__diag_1_V26,-0.08847613798856638,0.08847613798856638
cat__diag_1_V43,-0.32527799830500964,0.32527799830500964
cat__diag_1_V45,-0.5292584452431371,0.5292584452431371
cat__diag_1_V51,-0.1619113509058553,0.1619113509058553
cat__diag_1_V53,-0.7294791862640504,0.7294791862640504
cat__diag_1_V54,-0.264269021748444,0.264269021748444
cat__diag_1_V55,-0.8560799552856546,0.8560799552856546
cat__diag_1_V56,-0.13365198345336568,0.13365198345336568
cat__diag_1_V57,0.3039224311668597,0.3039224311668597
cat__diag_1_V58,1.6809812825028596,1.6809812825028596
cat__diag_1_V60,0.9759930962484287,0.9759930962484287
cat__diag_1_V63,0.9062310624747187,0.9062310624747187
cat__diag_1_V66,-0.12744961608934705,0.12744961608934705
cat__diag_1_V67,-0.06727591998070183,0.06727591998070183
cat__diag_1_V70,-0.11730713487008045,0.11730713487008045
cat__diag_1_V71,-0.5465179389712954,0.5465179389712954
cat__diag_2_11,0.4573172396216234,0.4573172396216234
cat__diag_2_110,1.6904296259159286,1.6904296259159286
cat__diag_2_111,-0.09666214199328144,0.09666214199328144
cat__diag_2_112,0.45362254404486396,0.45362254404486396
cat__diag_2_114,1.3604059193930653,1.3604059193930653
cat__diag_2_117,0.29122398009508893,0.29122398009508893
cat__diag_2_131,-0.21590247687927935,0.21590247687927935
cat__diag_2_135,0.611582437045766,0.611582437045766
cat__diag_2_136,1.9845056226186362,1.9845056226186362
cat__diag_2_137,-0.15935432899857407,0.15935432899857407
cat__diag_2_138,-0.24167423183353315,0.24167423183353315
cat__diag_2_140,-0.17179505621388572,0.17179505621388572
cat__diag_2_141,-0.5092024790831283,0.5092024790831283
cat__diag_2_145,-0.28370638485850297,0.28370638485850297
cat__diag_2_150,1.10778852963259,1.10778852963259
cat__diag_2_151,-0.08804866883152504,0.08804866883152504
cat__diag_2_152,0.2870748777438411,0.2870748777438411
cat__diag_2_153,0.04184227587517652,0.04184227587517652
cat__diag_2_154,-0.14552830828830365,0.14552830828830365
cat__diag_2_155,-0.7892588081302087,0.7892588081302087
cat__diag_2_156,1.341545793024464,1.341545793024464
cat__diag_2_157,0.5896755832301491,0.5896755832301491
cat__diag_2_162,0.5415535002967377,0.5415535002967377
cat__diag_2_163,-0.1320340047211804,0.1320340047211804
cat__diag_2_164,-0.1385329664076721,0.1385329664076721
cat__diag_2_171,-0.5339379403448596,0.5339379403448596
cat__diag_2_172,0.6739477458084662,0.6739477458084662
cat__diag_2_173,-0.09143191263455568,0.09143191263455568
cat__diag_2_174,-0.13112303283488483,0.13112303283488483
cat__diag_2_179,0.330266953692513,0.330266953692513
cat__diag_2_180,-0.13316721796039455,0.13316721796039455
cat__diag_2_183,-0.0285043931902335,0.0285043931902335
cat__diag_2_185,-0.2285686033106907,0.2285686033106907
cat__diag_2_186,0.7325990092791245,0.7325990092791245
cat__diag_2_188,-1.0379733675175389,1.0379733675175389
cat__diag_2_189,-0.3039763652597933,0.3039763652597933
cat__diag_2_191,0.749160719026955,0.749160719026955
cat__diag_2_192,-0.14234736012020574,0.14234736012020574
cat__diag_2_193,1.0842589267106022,1.0842589267106022
cat__diag_2_196,0.4423025624932308,0.4423025624932308
cat__diag_2_197,0.4382746509148453,0.4382746509148453
cat__diag_2_198,0.7168955628697865,0.7168955628697865
cat__diag_2_199,0.6288702918326015,0.6288702918326015
cat__diag_2_200,-0.4094376808211258,0.4094376808211258
cat__diag_2_201,0.4309805609403382,0.4309805609403382
cat__diag_2_202,0.7932314536743377,0.7932314536743377
cat__diag_2_203,0.8517542630164405,0.8517542630164405
cat__diag_2_204,-0.17915009914711277,0.17915009914711277
cat__diag_2_205,0.8371456503156004,0.8371456503156004
cat__diag_2_208,-0.6211333644119325,0.6211333644119325
cat__diag_2_211,0.05987333880425106,0.05987333880425106
cat__diag_2_212,-0.16308599851961317,0.16308599851961317
cat__diag_2_214,0.4770781194307865,0.4770781194307865
cat__diag_2_215,-0.1135538959072378,0.1135538959072378
cat__diag_2_217,-0.1630669856184454,0.1630669856184454
cat__diag_2_218,-1.4900895625864499,1.4900895625864499
cat__diag_2_220,0.4502519432941102,0.4502519432941102
cat__diag_2_225,-0.48065150381542676,0.48065150381542676
cat__diag_2_226,-0.06369535628992365,0.06369535628992365
cat__diag_2_227,-0.37870463118724484,0.37870463118724484
cat__diag_2_228,-0.12659985877542906,0.12659985877542906
cat__diag_2_232,-0.09485629836674755,0.09485629836674755
cat__diag_2_233,0.4485702305884064,0.4485702305884064
cat__diag_2_235,-0.16577134760841994,0.16577134760841994
cat__diag_2_238,1.0386375238924952,1.0386375238924952
cat__diag_2_239,-0.2148643106496986,0.2148643106496986
cat__diag_2_240,-0.07786066031113177,0.07786066031113177
cat__diag_2_241,-0.7439667296299954,0.7439667296299954
cat__diag_2_242,0.45896943481379526,0.45896943481379526
cat__diag_2_244,0.5396939701809249,0.5396939701809249
cat__diag_2_245,1.2639746254948392,1.2639746254948392
cat__diag_2_246,-0.06786601450925342,0.06786601450925342
cat__diag_2_250,0.15041063900146115,0.15041063900146115
cat__diag_2_250.01,0.5296725991896036,0.5296725991896036
cat__diag_2_250.02,0.31303436524960276,0.31303436524960276
cat__diag_2_250.03,0.6391336517849966,0.6391336517849966
cat__diag_2_250.1,1.5052550245661678,1.5052550245661678
cat__diag_2_250.11,0.07060846404445764,0.07060846404445764
cat__diag_2_250.12,0.7804733064378551,0.7804733064378551
cat__diag_2_250.13,0.49714821507027995,0.49714821507027995
cat__diag_2_250.2,-0.04932971339517959,0.04932971339517959
cat__diag_2_250.21,0.6349821290596265,0.6349821290596265
cat__diag_2_250.22,-0.06496680858064909,0.06496680858064909
cat__diag_2_250.23,-0.33155634197275075,0.33155634197275075
cat__diag_2_250.3,-0.20957019055486675,0.20957019055486675
cat__diag_2_250.31,0.6598523652001995,0.6598523652001995
cat__diag_2_250.32,-0.49249528403967935,0.49249528403967935
cat__diag_2_250.33,-0.6401967516764501,0.6401967516764501
cat__diag_2_250.4,0.4099976256019031,0.4099976256019031
cat__diag_2_250.41,0.7887126803329276,0.7887126803329276
cat__diag_2_250.42,0.23428660731490902,0.23428660731490902
cat__diag_2_250.43,0.9622074595608442,0.9622074595608442
cat__diag_2_250.5,0.6112543578041699,0.6112543578041699
cat__diag_2_250.51,-0.17135675322347055,0.17135675322347055
cat__diag_2_250.52,0.6661832044374206,0.6661832044374206
cat__diag_2_250.53,0.38815543854334883,0.38815543854334883
cat__diag_2_250.6,0.5527258520568222,0.5527258520568222
cat__diag_2_250.7,0.8374291475070988,0.8374291475070988
cat__diag_2_250.8,0.3108900053973548,0.3108900053973548
cat__diag_2_250.81,0.2950127414896948,0.2950127414896948
cat__diag_2_250.82,0.15892137460919106,0.15892137460919106
cat__diag_2_250.83,0.3465743750272721,0.3465743750272721
cat__diag_2_250.9,-0.4563105369645235,0.4563105369645235
cat__diag_2_250.91,-0.47341251852517896,0.47341251852517896
cat__diag_2_250.92,0.2751798485395979,0.2751798485395979
cat__diag_2_250.93,0.661178849906246,0.661178849906246
cat__diag_2_251,-1.3546352041741618,1.3546352041741618
cat__diag_2_252,-1.3276667289541353,1.3276667289541353
cat__diag_2_253,-0.3015749385055494,0.3015749385055494
cat__diag_2_255,0.4643197417942413,0.4643197417942413
cat__diag_2_256,-0.09147302886228617,0.09147302886228617
cat__diag_2_258,0.6250616719723281,0.6250616719723281
cat__diag_2_259,-0.11314603479186772,0.11314603479186772
cat__diag_2_260,0.7489111010494746,0.7489111010494746
cat__diag_2_261,0.48740991758572766,0.48740991758572766
cat__diag_2_262,-0.5960935443771511,0.5960935443771511
cat__diag_2_263,0.3036269783001579,0.3036269783001579
cat__diag_2_266,-0.6511965531993404,0.6511965531993404
cat__diag_2_268,-0.13541759394792846,0.13541759394792846
cat__diag_2_269,-0.14260457853321631,0.14260457853321631
cat__diag_2_27,-0.32301402482923236,0.32301402482923236
cat__diag_2_271,-0.15398203669105612,0.15398203669105612
cat__diag_2_272,-0.6064598045596505,0.6064598045596505
cat__diag_2_273,-0.7841591136295122,0.7841591136295122
cat__diag_2_274,-0.6435994808965817,0.6435994808965817
cat__diag_2_275,-1.7070528139628298,1.7070528139628298
cat__diag_2_276,0.3151331311029694,0.3151331311029694
cat__diag_2_277,0.12490039488528343,0.12490039488528343
cat__diag_2_278,-0.19007837643728903,0.19007837643728903
cat__diag_2_279,-0.1533541596694081,0.1533541596694081
cat__diag_2_280,0.2849036303717228,0.2849036303717228
cat__diag_2_281,0.4903485399619669,0.4903485399619669
cat__diag_2_282,-0.2486712744996409,0.2486712744996409
cat__diag_2_283,0.43468039004863557,0.43468039004863557
cat__diag_2_284,0.012824283340166453,0.012824283340166453
cat__diag_2_285,0.028678514257274593,0.028678514257274593
cat__diag_2_286,-0.016635520613618903,0.016635520613618903
cat__diag_2_287,0.25341027432285773,0.25341027432285773
cat__diag_2_288,0.034374420438347236,0.034374420438347236
cat__diag_2_289,-1.7765058192824938,1.7765058192824938
cat__diag_2_290,0.46021991423223674,0.46021991423223674
cat__diag_2_291,0.02164416025753928,0.02164416025753928
cat__diag_2_292,0.7278483524565635,0.7278483524565635
cat__diag_2_293,0.42994379670509214,0.42994379670509214
cat__diag_2_294,0.08475526609730465,0.08475526609730465
cat__diag_2_295,0.09613309003899184,0.09613309003899184
cat__diag_2_296,0.5370538824314975,0.5370538824314975
cat__diag_2_297,0.5777374837606076,0.5777374837606076
cat__diag_2_298,-0.02816965138072302,0.02816965138072302
cat__diag_2_299,-0.4134396215751337,0.4134396215751337
cat__diag_2_300,-0.1354408038215488,0.1354408038215488
cat__diag_2_301,-0.3352128113967983,0.3352128113967983
cat__diag_2_302,-0.12440604729818326,0.12440604729818326
cat__diag_2_303,0.26167894415687165,0.26167894415687165
cat__diag_2_304,0.3587471993359315,0.3587471993359315
cat__diag_2_305,0.006178835876844822,0.006178835876844822
cat__diag_2_306,-0.5464494344633152,0.5464494344633152
cat__diag_2_307,1.4284882170734083,1.4284882170734083
cat__diag_2_308,-0.33496990533340437,0.33496990533340437
cat__diag_2_309,0.14612289295855935,0.14612289295855935
cat__diag_2_31,-0.16846670844754616,0.16846670844754616
cat__diag_2_310,-0.6434930203598361,0.6434930203598361
cat__diag_2_311,0.5025449996858239,0.5025449996858239
cat__diag_2_312,-0.22714407820725802,0.22714407820725802
cat__diag_2_314,-0.8069415881534269,0.8069415881534269
cat__diag_2_316,-0.08123276711748517,0.08123276711748517
cat__diag_2_317,-0.9532915802650855,0.9532915802650855
cat__diag_2_318,-0.24861227775044636,0.24861227775044636
cat__diag_2_319,0.8967841139281834,0.8967841139281834
cat__diag_2_320,1.2434965153824864,1.2434965153824864
cat__diag_2_322,-0.761621302308149,0.761621302308149
cat__diag_2_323,-0.4157698233832813,0.4157698233832813
cat__diag_2_324,-0.8053526215305052,0.8053526215305052
cat__diag_2_325,-0.17900203183754845,0.17900203183754845
cat__diag_2_327,-1.7058306663613267,1.7058306663613267
cat__diag_2_331,-0.27596463564265367,0.27596463564265367
cat__diag_2_332,1.1618491906477428,1.1618491906477428
cat__diag_2_333,-1.496931315772542,1.496931315772542
cat__diag_2_335,0.8890914898163719,0.8890914898163719
cat__diag_2_336,-0.5828191941505418,0.5828191941505418
cat__diag_2_337,0.6083590213186206,0.6083590213186206
cat__diag_2_338,-0.2893586865077148,0.2893586865077148
cat__diag_2_34,-0.615858291710927,0.615858291710927
cat__diag_2_340,0.13965336299632297,0.13965336299632297
cat__diag_2_341,0.8749348748221348,0.8749348748221348
cat__diag_2_342,0.7511215408873532,0.7511215408873532
cat__diag_2_343,-0.466976921320715,0.466976921320715
cat__diag_2_344,-0.377178868927791,0.377178868927791
cat__diag_2_345,0.33176884788215893,0.33176884788215893
cat__diag_2_346,-0.3524688203053436,0.3524688203053436
cat__diag_2_347,-0.09982564182432498,0.09982564182432498
cat__diag_2_348,0.4409678614247236,0.4409678614247236
cat__diag_2_349,-0.10007223273097768,0.10007223273097768
cat__diag_2_35,-0.09449172722056355,0.09449172722056355
cat__diag_2_350,-0.13184827890712483,0.13184827890712483
cat__diag_2_351,-0.33881997425319177,0.33881997425319177
cat__diag_2_352,-0.23164720782340698,0.23164720782340698
cat__diag_2_354,-0.8024187789169146,0.8024187789169146
cat__diag_2_355,-0.44335772121794703,0.44335772121794703
cat__diag_2_356,-1.0299632421245875,1.0299632421245875
cat__diag_2_357,-0.015825611482789555,0.015825611482789555
cat__diag_2_358,0.49684889486043393,0.49684889486043393
cat__diag_2_359,-0.9398342395659054,0.9398342395659054
cat__diag_2_360,-0.48720549436322946,0.48720549436322946
cat__diag_2_362,-0.22834423845392146,0.22834423845392146
cat__diag_2_364,1.510838396177692,1.510838396177692
cat__diag_2_365,-0.682448149649819,0.682448149649819
cat__diag_2_366,-0.28199801087437426,0.28199801087437426
cat__diag_2_368,0.0577346335960975,0.0577346335960975
cat__diag_2_369,-0.8281319179165896,0.8281319179165896
cat__diag_2_372,-0.4171566688005143,0.4171566688005143
cat__diag_2_373,-0.3936107954721587,0.3936107954721587
cat__diag_2_376,-0.3683084746965238,0.3683084746965238
cat__diag_2_377,-0.1226858416593933,0.1226858416593933
cat__diag_2_378,-0.9342558130253387,0.9342558130253387
cat__diag_2_379,-0.22530598302131333,0.22530598302131333
cat__diag_2_38,0.4149486236637041,0.4149486236637041
cat__diag_2_380,-0.6267311547868519,0.6267311547868519
cat__diag_2_381,-0.08535360558492695,0.08535360558492695
cat__diag_2_382,-1.1479857583973574,1.1479857583973574
cat__diag_2_383,-0.4679806216756087,0.4679806216756087
cat__diag_2_386,-1.156120712990552,1.156120712990552
cat__diag_2_388,-0.13050952389550421,0.13050952389550421
cat__diag_2_389,-0.524001225598544,0.524001225598544
cat__diag_2_394,0.32628561085754937,0.32628561085754937
cat__diag_2_395,-0.3658612911133782,0.3658612911133782
cat__diag_2_396,0.259691960558,0.259691960558
cat__diag_2_397,-0.21292038674321967,0.21292038674321967
cat__diag_2_398,-0.08261931242212808,0.08261931242212808
cat__diag_2_40,-1.5013322186990783,1.5013322186990783
cat__diag_2_401,0.10467320187344142,0.10467320187344142
cat__diag_2_402,0.4340244595641363,0.4340244595641363
cat__diag_2_403,0.4235417303665382,0.4235417303665382
cat__diag_2_404,0.4713643716849299,0.4713643716849299
cat__diag_2_405,0.9166169274198287,0.9166169274198287
cat__diag_2_41,0.26697323384437766,0.26697323384437766
cat__diag_2_410,0.39597970252916326,0.39597970252916326
cat__diag_2_411,0.2953860003973354,0.2953860003973354
cat__diag_2_412,-0.2173428488353465,0.2173428488353465
cat__diag_2_413,0.06059125996148715,0.06059125996148715
cat__diag_2_414,0.24017397153480377,0.24017397153480377
cat__diag_2_415,-0.2366924073333525,0.2366924073333525
cat__diag_2_416,-0.031318215099375275,0.031318215099375275
cat__diag_2_42,0.22097038535876323,0.22097038535876323
cat__diag_2_420,-0.5596611809148507,0.5596611809148507
cat__diag_2_421,-1.3382627576893653,1.3382627576893653
cat__diag_2_422,-0.26579468890963015,0.26579468890963015
cat__diag_2_423,-0.35421866386800543,0.35421866386800543
cat__diag_2_424,0.2895017521168349,0.2895017521168349
cat__diag_2_425,0.270213093126177,0.270213093126177
cat__diag_2_426,0.08865363783999844,0.08865363783999844
cat__diag_2_427,0.2606299540712746,0.2606299540712746
cat__diag_2_428,0.33331383935033176,0.33331383935033176
cat__diag_2_429,-1.8404966541522234,1.8404966541522234
cat__diag_2_430,-0.6479095157098154,0.6479095157098154
cat__diag_2_431,0.48341247443171154,0.48341247443171154
cat__diag_2_432,-1.4160361793780636,1.4160361793780636
cat__diag_2_433,0.393537970297046,0.393537970297046
cat__diag_2_434,0.362310680926808,0.362310680926808
cat__diag_2_435,0.33807673101762015,0.33807673101762015
cat__diag_2_436,-0.0367420405951191,0.0367420405951191
cat__diag_2_437,0.40326328566902175,0.40326328566902175
cat__diag_2_438,0.10947225015003846,0.10947225015003846
cat__diag_2_440,0.47538225660143413,0.47538225660143413
cat__diag_2_441,0.5468567484263482,0.5468567484263482
cat__diag_2_442,-0.06945656279384023,0.06945656279384023
cat__diag_2_443,0.2483370962407279,0.2483370962407279
cat__diag_2_444,0.44513830696708817,0.44513830696708817
cat__diag_2_446,0.4856549999347991,0.4856549999347991
cat__diag_2_447,0.37712160710690434,0.37712160710690434
cat__diag_2_448,-0.3555322188116851,0.3555322188116851
cat__diag_2_451,0.06915675935893174,0.06915675935893174
cat__diag_2_452,0.4829517989545716,0.4829517989545716
cat__diag_2_453,0.5169514359343544,0.5169514359343544
cat__diag_2_454,1.2904757975897019,1.2904757975897019
cat__diag_2_455,-0.6206977771775981,0.6206977771775981
cat__diag_2_456,0.32299374333587655,0.32299374333587655
cat__diag_2_457,0.5780877380373523,0.5780877380373523
cat__diag_2_458,-0.047312259032502406,0.047312259032502406
cat__diag_2_459,-0.0364206191166875,0.0364206191166875
cat__diag_2_460,-0.20979724851229892,0.20979724851229892
cat__diag_2_461,-0.7364158145824868,0.7364158145824868
cat__diag_2_462,-1.0071147557073121,1.0071147557073121
cat__diag_2_463,-0.23374410616080812,0.23374410616080812
cat__diag_2_465,1.4338265891944295,1.4338265891944295
cat__diag_2_466,-0.14034734406456478,0.14034734406456478
cat__diag_2_470,-0.18287732807813034,0.18287732807813034
cat__diag_2_472,-0.2987121296900675,0.2987121296900675
cat__diag_2_473,-0.7095670190446901,0.7095670190446901
cat__diag_2_474,0.9805456936780803,0.9805456936780803
cat__diag_2_475,-0.13708184570096726,0.13708184570096726
cat__diag_2_477,-0.12422583873719968,0.12422583873719968
cat__diag_2_478,-0.4516989732463071,0.4516989732463071
cat__diag_2_480,0.7315439124716976,0.7315439124716976
cat__diag_2_481,-1.8222023326761654,1.8222023326761654
cat__diag_2_482,-0.10630400997699978,0.10630400997699978
cat__diag_2_483,-0.1400605818706457,0.1400605818706457
cat__diag_2_484,0.49122451495712244,0.49122451495712244
cat__diag_2_485,-0.8464415395096974,0.8464415395096974
cat__diag_2_486,0.05426571643805462,0.05426571643805462
cat__diag_2_487,-0.15865009486581286,0.15865009486581286
cat__diag_2_490,-0.37122735150038655,0.37122735150038655
cat__diag_2_491,0.38036358106899554,0.38036358106899554
cat__diag_2_492,0.40381807082776244,0.40381807082776244
cat__diag_2_493,0.08831076904301598,0.08831076904301598
cat__diag_2_494,0.6919018766733629,0.6919018766733629
cat__diag_2_495,0.8816933846965023,0.8816933846965023
cat__diag_2_496,0.25236583919863387,0.25236583919863387
cat__diag_2_5,-0.09438218226498532,0.09438218226498532
cat__diag_2_500,-0.3378990185671833,0.3378990185671833
cat__diag_2_501,-0.4961549529560553,0.4961549529560553
cat__diag_2_507,-0.5161399535369791,0.5161399535369791
cat__diag_2_508,-0.39486360700599615,0.39486360700599615
cat__diag_2_510,-1.0773613646428248,1.0773613646428248
cat__diag_2_511,0.32225282578011555,0.32225282578011555
cat__diag_2_512,0.19538785483765503,0.19538785483765503
cat__diag_2_513,0.8807173334555098,0.8807173334555098
cat__diag_2_514,-1.1406719024436407,1.1406719024436407
cat__diag_2_515,0.42494583408003694,0.42494583408003694
cat__diag_2_516,1.1790225066366642,1.1790225066366642
cat__diag_2_517,-0.6752914768214039,0.6752914768214039
cat__diag_2_518,0.23280989596663396,0.23280989596663396
cat__diag_2_519,-1.7154592153286947,1.7154592153286947
cat__diag_2_52,-0.14001183445834767,0.14001183445834767
cat__diag_2_521,-0.5364464870871076,0.5364464870871076
cat__diag_2_522,1.0910455114443054,1.0910455114443054
cat__diag_2_523,-0.10944573625527679,0.10944573625527679
cat__diag_2_524,-0.5131253038079391,0.5131253038079391
cat__diag_2_527,-0.47409844646510846,0.47409844646510846
cat__diag_2_528,0.9045288087364268,0.9045288087364268
cat__diag_2_529,-0.08012886138902099,0.08012886138902099
cat__diag_2_53,0.6791474547261179,0.6791474547261179
cat__diag_2_530,0.48401603463424814,0.48401603463424814
cat__diag_2_531,0.7145023898332317,0.7145023898332317
cat__diag_2_532,0.47189379812821997,0.47189379812821997
cat__diag_2_533,-0.7823592685933193,0.7823592685933193
cat__diag_2_534,-0.17747697379324975,0.17747697379324975
cat__diag_2_535,0.26800254213154656,0.26800254213154656
cat__diag_2_536,0.7411439516175848,0.7411439516175848
cat__diag_2_537,0.8595630471694761,0.8595630471694761
cat__diag_2_54,0.28098944262513714,0.28098944262513714
cat__diag_2_540,-0.9177704630296394,0.9177704630296394
cat__diag_2_542,-0.1615550070706317,0.1615550070706317
cat__diag_2_550,-1.170857764547319,1.170857764547319
cat__diag_2_552,0.2970038847450821,0.2970038847450821
cat__diag_2_553,-0.12323166495434597,0.12323166495434597
cat__diag_2_555,-0.7471641883876512,0.7471641883876512
cat__diag_2_556,0.3131686720975289,0.3131686720975289
cat__diag_2_557,-0.2353552142322446,0.2353552142322446
cat__diag_2_558,-0.1596190383408628,0.1596190383408628
cat__diag_2_560,0.4171394478175356,0.4171394478175356
cat__diag_2_562,0.05931872973403537,0.05931872973403537
cat__diag_2_564,-0.10838756099052292,0.10838756099052292
cat__diag_2_565,1.0739596607432573,1.0739596607432573
cat__diag_2_566,-0.6391577017045104,0.6391577017045104
cat__diag_2_567,-0.05168598284463215,0.05168598284463215
cat__diag_2_568,-0.5091938640783364,0.5091938640783364
cat__diag_2_569,0.12568278197807106,0.12568278197807106
cat__diag_2_570,0.6466658550225195,0.6466658550225195
cat__diag_2_571,0.31922412705601166,0.31922412705601166
cat__diag_2_572,0.6266086717884802,0.6266086717884802
cat__diag_2_573,0.4920723598954085,0.4920723598954085
cat__diag_2_574,-0.01710759260206677,0.01710759260206677
cat__diag_2_575,0.012876458500223908,0.012876458500223908
cat__diag_2_576,0.39338581006753365,0.39338581006753365
cat__diag_2_577,0.46612717571958245,0.46612717571958245
cat__diag_2_578,0.3113561619342261,0.3113561619342261
cat__diag_2_579,-0.8669212444411242,0.8669212444411242
cat__diag_2_580,-0.1265357002500469,0.1265357002500469
cat__diag_2_581,0.08096641105322047,0.08096641105322047
cat__diag_2_583,-0.15792121308247842,0.15792121308247842
cat__diag_2_584,0.16070466082927826,0.16070466082927826
cat__diag_2_585,0.33160424828225027,0.33160424828225027
cat__diag_2_586,0.5571388636997081,0.5571388636997081
cat__diag_2_588,-0.5651752920533559,0.5651752920533559
cat__diag_2_590,0.4926715280144259,0.4926715280144259
cat__diag_2_591,-0.01956456578419935,0.01956456578419935
cat__diag_2_592,0.6978658240388075,0.6978658240388075
cat__diag_2_593,0.4124136255469029,0.4124136255469029
cat__diag_2_594,0.32180109248499483,0.32180109248499483
cat__diag_2_595,0.5777899878825231,0.5777899878825231
cat__diag_2_596,0.8427372417533616,0.8427372417533616
cat__diag_2_598,-0.6774087820993142,0.6774087820993142
cat__diag_2_599,0.1816379573227074,0.1816379573227074
cat__diag_2_600,-1.6646802953398308,1.6646802953398308
cat__diag_2_601,-1.4362653817405449,1.4362653817405449
cat__diag_2_602,-0.4039308968941618,0.4039308968941618
cat__diag_2_604,-0.49984832397130846,0.49984832397130846
cat__diag_2_605,-0.09446352631451338,0.09446352631451338
cat__diag_2_607,-1.0613256105692999,1.0613256105692999
cat__diag_2_608,1.3679700864129019,1.3679700864129019
cat__diag_2_610,-0.18992817815863033,0.18992817815863033
cat__diag_2_611,0.7740185927950864,0.7740185927950864
cat__diag_2_614,0.1507219359985454,0.1507219359985454
cat__diag_2_615,-0.1593778232116609,0.1593778232116609
cat__diag_2_616,-1.0335665742269262,1.0335665742269262
cat__diag_2_617,0.27319565106819693,0.27319565106819693
cat__diag_2_618,-1.2198400707313923,1.2198400707313923
cat__diag_2_619,0.8921864374711771,0.8921864374711771
cat__diag_2_620,-0.0048047220568368165,0.0048047220568368165
cat__diag_2_621,-0.6516795521885962,0.6516795521885962
cat__diag_2_622,-0.14349694834400786,0.14349694834400786
cat__diag_2_623,-0.29915577307816854,0.29915577307816854
cat__diag_2_625,1.3363381767585365,1.3363381767585365
cat__diag_2_626,-1.0650493452343206,1.0650493452343206
cat__diag_2_627,-0.6296028090330064,0.6296028090330064
cat__diag_2_634,-0.14148068365480962,0.14148068365480962
cat__diag_2_642,-1.6672573035911185,1.6672573035911185
cat__diag_2_644,-0.5498587739193317,0.5498587739193317
cat__diag_2_645,-0.25015920715508755,0.25015920715508755
cat__diag_2_646,0.9067960190147689,0.9067960190147689
cat__diag_2_647,-0.3173781924978259,0.3173781924978259
cat__diag_2_648,-0.4699098814066709,0.4699098814066709
cat__diag_2_649,-0.09978139347867675,0.09978139347867675
cat__diag_2_652,-0.30409931673057217,0.30409931673057217
cat__diag_2_654,1.1704741036860171,1.1704741036860171
cat__diag_2_656,-0.32494473490180703,0.32494473490180703
cat__diag_2_658,-0.10987801686213358,0.10987801686213358
cat__diag_2_659,-0.22905341950146735,0.22905341950146735
cat__diag_2_661,-0.23311232930966125,0.23311232930966125
cat__diag_2_663,-0.1575278387009881,0.1575278387009881
cat__diag_2_664,-0.35527773310012145,0.35527773310012145
cat__diag_2_665,-0.05768828451828429,0.05768828451828429
cat__diag_2_670,-0.055010603891908476,0.055010603891908476
cat__diag_2_674,-0.15345026434237347,0.15345026434237347
cat__diag_2_680,0.6407679752740816,0.6407679752740816
cat__diag_2_681,0.9341652038375429,0.9341652038375429
cat__diag_2_682,0.3267182357333346,0.3267182357333346
cat__diag_2_683,-0.20080893745447895,0.20080893745447895
cat__diag_2_684,0.3537741463337398,0.3537741463337398
cat__diag_2_685,-1.0144685485996752,1.0144685485996752
cat__diag_2_686,-0.5904086389170323,0.5904086389170323
cat__diag_2_691,-0.22209244602031697,0.22209244602031697
cat__diag_2_692,-0.5250739529287902,0.5250739529287902
cat__diag_2_693,0.2748025876309904,0.2748025876309904
cat__diag_2_694,-0.7391201337821927,0.7391201337821927
cat__diag_2_695,-0.2038138877169059,0.2038138877169059
cat__diag_2_696,0.23492338518129627,0.23492338518129627
cat__diag_2_698,-0.6767875179409524,0.6767875179409524
cat__diag_2_7,-0.08539418900132638,0.08539418900132638
cat__diag_2_70,0.5657904559842974,0.5657904559842974
cat__diag_2_701,-0.3027544700273415,0.3027544700273415
cat__diag_2_703,-0.16871837405835505,0.16871837405835505
cat__diag_2_705,0.06665395623554586,0.06665395623554586
cat__diag_2_706,-0.8097576806729799,0.8097576806729799
cat__diag_2_707,0.35485128686548945,0.35485128686548945
cat__diag_2_709,0.6421033966396097,0.6421033966396097
cat__diag_2_710,0.3943393075916131,0.3943393075916131
cat__diag_2_711,0.3341810316434845,0.3341810316434845
cat__diag_2_712,-0.3292596172296662,0.3292596172296662
cat__diag_2_713,-0.8287245093911337,0.8287245093911337
cat__diag_2_714,0.4108485380887464,0.4108485380887464
cat__diag_2_715,-0.41730577880573466,0.41730577880573466
cat__diag_2_716,0.720650816114209,0.720650816114209
cat__diag_2_717,0.29139036142972147,0.29139036142972147
cat__diag_2_718,-0.7990624182293529,0.7990624182293529
cat__diag_2_719,-0.39965670908489037,0.39965670908489037
cat__diag_2_721,1.0494955115716709,1.0494955115716709
cat__diag_2_722,0.5743850687978185,0.5743850687978185
cat__diag_2_723,-0.05342369724088993,0.05342369724088993
cat__diag_2_724,0.6202551074238765,0.6202551074238765
cat__diag_2_725,-0.6264594396036419,0.6264594396036419
cat__diag_2_726,0.3636862758255892,0.3636862758255892
cat__diag_2_727,0.5630464640034013,0.5630464640034013
cat__diag_2_728,-0.5487009406505274,0.5487009406505274
cat__diag_2_729,-0.05576091017417026,0.05576091017417026
cat__diag_2_730,0.19549553850943568,0.19549553850943568
cat__diag_2_731,0.32650393066640826,0.32650393066640826
cat__diag_2_733,0.5984846811199775,0.5984846811199775
cat__diag_2_734,-0.08573050754775759,0.08573050754775759
cat__diag_2_736,0.7534343971986526,0.7534343971986526
cat__diag_2_737,-0.8491976490312432,0.8491976490312432
cat__diag_2_738,0.4532924122505618,0.4532924122505618
cat__diag_2_741,-0.9159345502568247,0.9159345502568247
cat__diag_2_742,0.972661197108953,0.972661197108953
cat__diag_2_745,0.8694589513318968,0.8694589513318968
cat__diag_2_746,0.21802013481245003,0.21802013481245003
cat__diag_2_747,0.44807805510681786,0.44807805510681786
cat__diag_2_748,-0.08686458323108211,0.08686458323108211
cat__diag_2_750,1.1912866507091735,1.1912866507091735
cat__diag_2_751,-0.32691675728300373,0.32691675728300373
cat__diag_2_752,-0.060349131109776494,0.060349131109776494
cat__diag_2_753,-0.14036873565210153,0.14036873565210153
cat__diag_2_754,-0.11301301204234954,0.11301301204234954
cat__diag_2_755,-0.10133058449868905,0.10133058449868905
cat__diag_2_756,-0.822020010659384,0.822020010659384
cat__diag_2_758,-0.7782215092929596,0.7782215092929596
cat__diag_2_759,-0.31949293984230814,0.31949293984230814
cat__diag_2_78,-0.22252118911206595,0.22252118911206595
cat__diag_2_780,0.06180011933251291,0.06180011933251291
cat__diag_2_781,-0.1838406538564249,0.1838406538564249
cat__diag_2_782,-1.7270228744915532,1.7270228744915532
cat__diag_2_783,-0.15952929283394446,0.15952929283394446
cat__diag_2_784,0.3198630768439016,0.3198630768439016
cat__diag_2_785,0.454161757969703,0.454161757969703
cat__diag_2_786,0.07496490520712748,0.07496490520712748
cat__diag_2_787,0.4133220543217917,0.4133220543217917
cat__diag_2_788,0.05085923953651822,0.05085923953651822
cat__diag_2_789,0.3400740500045292,0.3400740500045292
cat__diag_2_79,-0.35192465027734376,0.35192465027734376
cat__diag_2_790,0.3606746233290702,0.3606746233290702
cat__diag_2_791,-0.379520983307608,0.379520983307608
cat__diag_2_792,-0.769456040820303,0.769456040820303
cat__diag_2_793,-0.4807858120140443,0.4807858120140443
cat__diag_2_794,-0.23301808639219568,0.23301808639219568
cat__diag_2_795,-0.22208241255737782,0.22208241255737782
cat__diag_2_796,0.10882767429860675,0.10882767429860675
cat__diag_2_797,-0.17781555504397895,0.17781555504397895
cat__diag_2_799,0.45413253559270655,0.45413253559270655
cat__diag_2_8,0.24851614545737974,0.24851614545737974
cat__diag_2_800,-0.07614409202641494,0.07614409202641494
cat__diag_2_801,-0.2858586711757082,0.2858586711757082
cat__diag_2_802,1.305802640300467,1.305802640300467
cat__diag_2_805,0.23754470765636646,0.23754470765636646
cat__diag_2_806,-0.1965795527770636,0.1965795527770636
cat__diag_2_807,-2.0619356843091685,2.0619356843091685
cat__diag_2_808,-0.05549803714456288,0.05549803714456288
cat__diag_2_810,-0.3990736577141319,0.3990736577141319
cat__diag_2_811,-0.1850174539771442,0.1850174539771442
cat__diag_2_812,0.1843971984836003,0.1843971984836003
cat__diag_2_813,0.7282519346363333,0.7282519346363333
cat__diag_2_814,-0.30416191851504715,0.30416191851504715
cat__diag_2_815,-0.1679122133108397,0.1679122133108397
cat__diag_2_816,-0.8819361136382177,0.8819361136382177
cat__diag_2_820,0.5760159793109972,0.5760159793109972
cat__diag_2_821,0.44904730364593537,0.44904730364593537
cat__diag_2_822,-0.6201566800873114,0.6201566800873114
cat__diag_2_823,-1.1406756452918068,1.1406756452918068
cat__diag_2_824,0.34883042217671273,0.34883042217671273
cat__diag_2_825,-0.5903513246582223,0.5903513246582223
cat__diag_2_826,1.7209245549685608,1.7209245549685608
cat__diag_2_831,-0.41198439358082684,0.41198439358082684
cat__diag_2_833,-0.09890402091128456,0.09890402091128456
cat__diag_2_836,-0.5079583931354861,0.5079583931354861
cat__diag_2_837,-0.4173286574083485,0.4173286574083485
cat__diag_2_840,-0.07906446373990185,0.07906446373990185
cat__diag_2_842,-0.3271777747674688,0.3271777747674688
cat__diag_2_844,-0.6300963633177632,0.6300963633177632
cat__diag_2_845,1.3047000063011351,1.3047000063011351
cat__diag_2_846,-0.10860560327932652,0.10860560327932652
cat__diag_2_847,-0.38518882991050246,0.38518882991050246
cat__diag_2_850,0.237952244707861,0.237952244707861
cat__diag_2_851,-0.457589262628629,0.457589262628629
cat__diag_2_852,0.1412005068845154,0.1412005068845154
cat__diag_2_853,-0.11882945213719745,0.11882945213719745
cat__diag_2_860,-0.3251793754673864,0.3251793754673864
cat__diag_2_861,-0.5510815781596154,0.5510815781596154
cat__diag_2_862,-0.4032088162878064,0.4032088162878064
cat__diag_2_863,-0.11152002806977339,0.11152002806977339
cat__diag_2_864,-0.49075486397056134,0.49075486397056134
cat__diag_2_865,0.42411519780456614,0.42411519780456614
cat__diag_2_866,-0.2563472618184405,0.2563472618184405
cat__diag_2_867,-0.028587073522829427,0.028587073522829427
cat__diag_2_868,-0.2883661843759376,0.2883661843759376
cat__diag_2_869,-0.20358449054144823,0.20358449054144823
cat__diag_2_870,-0.26619135935182786,0.26619135935182786
cat__diag_2_871,-0.12403943764195219,0.12403943764195219
cat__diag_2_872,-0.2233775021249401,0.2233775021249401
cat__diag_2_873,0.4133818726551529,0.4133818726551529
cat__diag_2_879,-0.14046833678905696,0.14046833678905696
cat__diag_2_88,-0.10479165595792661,0.10479165595792661
cat__diag_2_880,-0.09342539369797208,0.09342539369797208
cat__diag_2_881,-0.6480225263892366,0.6480225263892366
cat__diag_2_882,-0.46593331574285635,0.46593331574285635
cat__diag_2_883,-0.5814169336847198,0.5814169336847198
cat__diag_2_891,1.110999688594345,1.110999688594345
cat__diag_2_892,-0.6006369996831568,0.6006369996831568
cat__diag_2_894,1.0109881259302134,1.0109881259302134
cat__diag_2_9,0.5681472798205425,0.5681472798205425
cat__diag_2_905,0.17675593772086481,0.17675593772086481
cat__diag_2_906,-0.2742746129219151,0.2742746129219151
cat__diag_2_907,-0.584928470794143,0.584928470794143
cat__diag_2_908,-0.10888722007458274,0.10888722007458274
cat__diag_2_909,-0.4015848650912735,0.4015848650912735
cat__diag_2_910,-0.3957880616451059,0.3957880616451059
cat__diag_2_911,-0.09740630744601957,0.09740630744601957
cat__diag_2_912,-0.20970854200920103,0.20970854200920103
cat__diag_2_913,1.2698522963161156,1.2698522963161156
cat__diag_2_915,-0.1448383984870543,0.1448383984870543
cat__diag_2_917,-0.08273493708178654,0.08273493708178654
cat__diag_2_918,-0.1255774792800926,0.1255774792800926
cat__diag_2_919,-0.2883092695293518,0.2883092695293518
cat__diag_2_920,0.5942034116856608,0.5942034116856608
cat__diag_2_921,-0.4747271615733236,0.4747271615733236
cat__diag_2_922,0.6518935863952475,0.6518935863952475
cat__diag_2_923,-0.8370703496426022,0.8370703496426022
cat__diag_2_924,0.1830561893783132,0.1830561893783132
cat__diag_2_927,-0.08536724235258779,0.08536724235258779
cat__diag_2_933,-0.28734752823284027,0.28734752823284027
cat__diag_2_934,-0.568143945541507,0.568143945541507
cat__diag_2_94,0.13536665557910066,0.13536665557910066
cat__diag_2_942,-0.13054558733121174,0.13054558733121174
cat__diag_2_944,-0.15446853811291078,0.15446853811291078
cat__diag_2_945,-0.06945252434916534,0.06945252434916534
cat__diag_2_947,-0.08186001861357185,0.08186001861357185
cat__diag_2_948,-0.1100269910241489,0.1100269910241489
cat__diag_2_952,-0.4091111422506189,0.4091111422506189
cat__diag_2_953,-0.19006070322069882,0.19006070322069882
cat__diag_2_958,-0.05133376648051524,0.05133376648051524
cat__diag_2_959,0.7716517229966064,0.7716517229966064
cat__diag_2_96,1.0611947809259894,1.0611947809259894
cat__diag_2_962,-0.1121320920898563,0.1121320920898563
cat__diag_2_965,-0.36673804144282063,0.36673804144282063
cat__diag_2_967,-0.13159746766648484,0.13159746766648484
cat__diag_2_968,-0.09419077459214535,0.09419077459214535
cat__diag_2_969,-0.5038639692608796,0.5038639692608796
cat__diag_2_972,-0.4719149948355242,0.4719149948355242
cat__diag_2_975,0.5459383149409737,0.5459383149409737
cat__diag_2_977,-0.12305807068267138,0.12305807068267138
cat__diag_2_980,0.8894447122607044,0.8894447122607044
cat__diag_2_987,-0.16536357913233313,0.16536357913233313
cat__diag_2_989,1.308460646109494,1.308460646109494
cat__diag_2_99,-0.1051302170318121,0.1051302170318121
cat__diag_2_990,-0.1481323470422746,0.1481323470422746
cat__diag_2_991,-0.14651389463897962,0.14651389463897962
cat__diag_2_992,-0.2792485256532911,0.2792485256532911
cat__diag_2_995,0.754220042517665,0.754220042517665
cat__diag_2_996,0.5225886115097025,0.5225886115097025
cat__diag_2_997,0.3017889905754373,0.3017889905754373
cat__diag_2_998,0.3989199261017215,0.3989199261017215
cat__diag_2_999,-1.838083184910742,1.838083184910742
cat__diag_2_E812,-0.6845518477672986,0.6845518477672986
cat__diag_2_E813,-0.06311141579722074,0.06311141579722074
cat__diag_2_E814,1.3918028335240165,1.3918028335240165
cat__diag_2_E816,-0.08698920487340207,0.08698920487340207
cat__diag_2_E817,-0.11838644574212334,0.11838644574212334
cat__diag_2_E818,-0.12021486698899826,0.12021486698899826
cat__diag_2_E819,-0.0513990771231226,0.0513990771231226
cat__diag_2_E821,-0.15496392283216567,0.15496392283216567
cat__diag_2_E826,-0.10037021292072597,0.10037021292072597
cat__diag_2_E829,-0.11599967454273277,0.11599967454273277
cat__diag_2_E849,0.7676664355033138,0.7676664355033138
cat__diag_2_E850,-0.16505240929983975,0.16505240929983975
cat__diag_2_E853,-0.2902650351796324,0.2902650351796324
cat__diag_2_E854,-0.13496492100199134,0.13496492100199134
cat__diag_2_E858,-0.06908051947416116,0.06908051947416116
cat__diag_2_E868,-0.1373884887478659,0.1373884887478659
cat__diag_2_E870,-0.3463405655663443,0.3463405655663443
cat__diag_2_E878,0.8507454166704257,0.8507454166704257
cat__diag_2_E879,0.9723873101301163,0.9723873101301163
cat__diag_2_E880,0.45392946414027313,0.45392946414027313
cat__diag_2_E881,-0.10794854185234017,0.10794854185234017
cat__diag_2_E882,-0.04571966976959247,0.04571966976959247
cat__diag_2_E883,-0.1582387374849848,0.1582387374849848
cat__diag_2_E884,0.4754312468294703,0.4754312468294703
cat__diag_2_E885,0.7251776154885358,0.7251776154885358
cat__diag_2_E887,-0.33075971343853444,0.33075971343853444
cat__diag_2_E888,0.8350181898534588,0.8350181898534588
cat__diag_2_E905,-0.2722462004025262,0.2722462004025262
cat__diag_2_E906,-0.19874965890929927,0.19874965890929927
cat__diag_2_E915,-0.09431261903711101,0.09431261903711101
cat__diag_2_E916,-0.23658125099056843,0.23658125099056843
cat__diag_2_E917,-0.5206644540112215,0.5206644540112215
cat__diag_2_E918,-0.17000097839223718,0.17000097839223718
cat__diag_2_E924,1.1138695830496788,1.1138695830496788
cat__diag_2_E927,-0.5368349731629183,0.5368349731629183
cat__diag_2_E928,0.10406928882265025,0.10406928882265025
cat__diag_2_E929,-0.1004415668176917,0.1004415668176917
cat__diag_2_E930,0.35956964126518703,0.35956964126518703
cat__diag_2_E931,-0.5131121789419695,0.5131121789419695
cat__diag_2_E932,0.1944630006585598,0.1944630006585598
cat__diag_2_E933,-0.7341216551074178,0.7341216551074178
cat__diag_2_E934,-0.769478455085619,0.769478455085619
cat__diag_2_E935,0.6726293977292354,0.6726293977292354
cat__diag_2_E936,0.2508520887056351,0.2508520887056351
cat__diag_2_E937,1.2121870928597607,1.2121870928597607
cat__diag_2_E938,-0.08184640214198002,0.08184640214198002
cat__diag_2_E939,0.05494497645863302,0.05494497645863302
cat__diag_2_E941,-0.12155377493166333,0.12155377493166333
cat__diag_2_E942,-0.31273123543028825,0.31273123543028825
cat__diag_2_E944,-0.9460215277773059,0.9460215277773059
cat__diag_2_E945,1.2721417618427227,1.2721417618427227
cat__diag_2_E947,1.4714722890221583,1.4714722890221583
cat__diag_2_E950,0.9071568948640716,0.9071568948640716
cat__diag_2_E965,-0.08032429587059321,0.08032429587059321
cat__diag_2_E968,-0.05126143342653481,0.05126143342653481
cat__diag_2_Unknown,0.5238357579434144,0.5238357579434144
cat__diag_2_V02,-0.515616501701463,0.515616501701463
cat__diag_2_V03,-0.10289465344139384,0.10289465344139384
cat__diag_2_V08,-0.3560281409978343,0.3560281409978343
cat__diag_2_V09,0.784148634254858,0.784148634254858
cat__diag_2_V10,-0.536047875130036,0.536047875130036
cat__diag_2_V11,-0.30762620819154246,0.30762620819154246
cat__diag_2_V12,0.5739501335533952,0.5739501335533952
cat__diag_2_V13,-0.11705386400559713,0.11705386400559713
cat__diag_2_V14,-0.2962147769191908,0.2962147769191908
cat__diag_2_V15,0.1408644618398306,0.1408644618398306
cat__diag_2_V16,-0.16297820775270885,0.16297820775270885
cat__diag_2_V17,0.8486035294732378,0.8486035294732378
cat__diag_2_V18,1.7197108668703642,1.7197108668703642
cat__diag_2_V23,-0.31707566785493424,0.31707566785493424
cat__diag_2_V25,-0.096518783835432,0.096518783835432
cat__diag_2_V42,0.31297708818669123,0.31297708818669123
cat__diag_2_V43,-0.6905270825993309,0.6905270825993309
cat__diag_2_V44,0.6231276485688548,0.6231276485688548
cat__diag_2_V45,0.06528426369591231,0.06528426369591231
cat__diag_2_V46,-1.0210820856512488,1.0210820856512488
cat__diag_2_V49,0.7229710177177239,0.7229710177177239
cat__diag_2_V50,-0.07679501708668836,0.07679501708668836
cat__diag_2_V53,-0.2801410399926076,0.2801410399926076
cat__diag_2_V54,-0.29857020463811657,0.29857020463811657
cat__diag_2_V57,-0.7499935794379241,0.7499935794379241
cat__diag_2_V58,0.07168293588933178,0.07168293588933178
cat__diag_2_V60,-0.13006993421403013,0.13006993421403013
cat__diag_2_V61,0.3309287076399967,0.3309287076399967
cat__diag_2_V62,-0.08730228647205193,0.08730228647205193
cat__diag_2_V63,0.7092121589937982,0.7092121589937982
cat__diag_2_V64,0.6660510432048653,0.6660510432048653
cat__diag_2_V65,-0.07699329541493947,0.07699329541493947
cat__diag_2_V66,-0.6615043622705156,0.6615043622705156
cat__diag_2_V69,-0.1485418099000425,0.1485418099000425
cat__diag_2_V70,-0.860039739694898,0.860039739694898
cat__diag_2_V72,-0.8954486257646543,0.8954486257646543
cat__diag_2_V85,0.8680092000671189,0.8680092000671189
cat__diag_2_V86,-0.0812401192128556,0.0812401192128556
cat__diag_3_11,0.966311089563942,0.966311089563942
cat__diag_3_110,-0.7982675047963125,0.7982675047963125
cat__diag_3_111,0.6664676362109174,0.6664676362109174
cat__diag_3_112,0.19542211125431458,0.19542211125431458
cat__diag_3_115,-0.08057203829604659,0.08057203829604659
cat__diag_3_117,1.6119837638357848,1.6119837638357848
cat__diag_3_122,-0.10279465353423821,0.10279465353423821
cat__diag_3_123,-0.28407830449307553,0.28407830449307553
cat__diag_3_131,1.1447687118993888,1.1447687118993888
cat__diag_3_132,-0.7108908668453812,0.7108908668453812
cat__diag_3_135,-0.15991710889333774,0.15991710889333774
cat__diag_3_136,-0.125373446069791,0.125373446069791
cat__diag_3_138,1.2026978134704582,1.2026978134704582
cat__diag_3_139,-0.33526530604062815,0.33526530604062815
cat__diag_3_14,-0.13836455530206188,0.13836455530206188
cat__diag_3_141,0.23669970700602705,0.23669970700602705
cat__diag_3_146,-0.28996860234183364,0.28996860234183364
cat__diag_3_150,0.8688441557047976,0.8688441557047976
cat__diag_3_151,-1.1090868542446977,1.1090868542446977
cat__diag_3_152,0.6003321563231659,0.6003321563231659
cat__diag_3_153,0.6493910189704108,0.6493910189704108
cat__diag_3_154,0.8406310892327302,0.8406310892327302
cat__diag_3_155,0.6449092177930086,0.6449092177930086
cat__diag_3_156,1.9623104802310316,1.9623104802310316
cat__diag_3_157,0.3657020651977643,0.3657020651977643
cat__diag_3_158,0.4106810379982111,0.4106810379982111
cat__diag_3_161,-0.41526570215960795,0.41526570215960795
cat__diag_3_162,0.6882394571616728,0.6882394571616728
cat__diag_3_163,-0.7311799406852192,0.7311799406852192
cat__diag_3_17,-0.20609093801798617,0.20609093801798617
cat__diag_3_170,-0.5626048015372243,0.5626048015372243
cat__diag_3_171,-0.6363530733162593,0.6363530733162593
cat__diag_3_172,-0.8620449331318378,0.8620449331318378
cat__diag_3_173,-0.3851244615114089,0.3851244615114089
cat__diag_3_174,0.7272555426422792,0.7272555426422792
cat__diag_3_179,0.8057065602358358,0.8057065602358358
cat__diag_3_180,-0.348178483813894,0.348178483813894
cat__diag_3_182,-0.5919617614975925,0.5919617614975925
cat__diag_3_183,1.0077400021616332,1.0077400021616332
cat__diag_3_185,0.6353580659549671,0.6353580659549671
cat__diag_3_188,0.4513443150185499,0.4513443150185499
cat__diag_3_189,-0.01492979489536761,0.01492979489536761
cat__diag_3_191,-0.6324331096123333,0.6324331096123333
cat__diag_3_192,0.7231473522074588,0.7231473522074588
cat__diag_3_193,-0.11725758343706302,0.11725758343706302
cat__diag_3_196,0.25077787547008534,0.25077787547008534
cat__diag_3_197,0.4436313830958598,0.4436313830958598
cat__diag_3_198,-0.09971463400754202,0.09971463400754202
cat__diag_3_199,1.2817083645276832,1.2817083645276832
cat__diag_3_200,0.4005238931456452,0.4005238931456452
cat__diag_3_201,-0.1783709041535353,0.1783709041535353
cat__diag_3_202,0.0009559711575711984,0.0009559711575711984
cat__diag_3_203,-0.3362214036381961,0.3362214036381961
cat__diag_3_204,-0.10522220686451123,0.10522220686451123
cat__diag_3_205,-1.3643593945974097,1.3643593945974097
cat__diag_3_208,-0.392501249452438,0.392501249452438
cat__diag_3_211,0.5182439967061453,0.5182439967061453
cat__diag_3_214,-0.18597736366738724,0.18597736366738724
cat__diag_3_216,-0.41421713632977514,0.41421713632977514
cat__diag_3_217,-0.11511646503812266,0.11511646503812266
cat__diag_3_218,0.979727771209721,0.979727771209721
cat__diag_3_220,-0.5481138084906295,0.5481138084906295
cat__diag_3_223,-0.13718366459297152,0.13718366459297152
cat__diag_3_225,0.5606136334523069,0.5606136334523069
cat__diag_3_226,-0.07879667465303378,0.07879667465303378
cat__diag_3_227,-0.34161315405249626,0.34161315405249626
cat__diag_3_228,-0.5847858509637194,0.5847858509637194
cat__diag_3_233,0.8936967956045402,0.8936967956045402
cat__diag_3_235,-0.21916025728514518,0.21916025728514518
cat__diag_3_238,0.6106317394543039,0.6106317394543039
cat__diag_3_239,-0.9222899615979079,0.9222899615979079
cat__diag_3_240,-0.48515356478612165,0.48515356478612165
cat__diag_3_241,0.4835778607198199,0.4835778607198199
cat__diag_3_242,-0.13585470324173485,0.13585470324173485
cat__diag_3_243,-0.11866351276378125,0.11866351276378125
cat__diag_3_244,0.05485971019798302,0.05485971019798302
cat__diag_3_245,-0.4340343028529933,0.4340343028529933
cat__diag_3_246,-0.561812489654447,0.561812489654447
cat__diag_3_250,0.0986173506075598,0.0986173506075598
cat__diag_3_250.01,0.3418118584347613,0.3418118584347613
cat__diag_3_250.02,0.3573430725101515,0.3573430725101515
cat__diag_3_250.03,0.5046111772209071,0.5046111772209071
cat__diag_3_250.1,-0.057784003466629257,0.057784003466629257
cat__diag_3_250.11,0.860803617030814,0.860803617030814
cat__diag_3_250.12,0.6763401257050718,0.6763401257050718
cat__diag_3_250.13,-1.1418265428654015,1.1418265428654015
cat__diag_3_250.2,-0.940959416739556,0.940959416739556
cat__diag_3_250.21,-0.4482212427449918,0.4482212427449918
cat__diag_3_250.22,0.061897834161732564,0.061897834161732564
cat__diag_3_250.23,-0.37952437197263333,0.37952437197263333
cat__diag_3_250.3,-0.40434368863910636,0.40434368863910636
cat__diag_3_250.31,-0.21386821601166647,0.21386821601166647
cat__diag_3_250.4,0.4172833323314607,0.4172833323314607
cat__diag_3_250.41,0.627387606446261,0.627387606446261
cat__diag_3_250.42,0.9378102499566945,0.9378102499566945
cat__diag_3_250.43,0.15681116278536586,0.15681116278536586
cat__diag_3_250.5,0.15191826154243493,0.15191826154243493
cat__diag_3_250.51,0.3386508823059466,0.3386508823059466
cat__diag_3_250.52,0.16697058272864915,0.16697058272864915
cat__diag_3_250.53,0.7679324763713969,0.7679324763713969
cat__diag_3_250.6,0.7415502621078908,0.7415502621078908
cat__diag_3_250.7,0.7484719904184821,0.7484719904184821
cat__diag_3_250.8,0.32797587748941115,0.32797587748941115
cat__diag_3_250.81,0.3056223581068351,0.3056223581068351
cat__diag_3_250.82,0.3630140598005501,0.3630140598005501
cat__diag_3_250.83,0.9345995429909808,0.9345995429909808
cat__diag_3_250.9,0.7024895749741062,0.7024895749741062
cat__diag_3_250.91,1.9982010861037058,1.9982010861037058
cat__diag_3_250.92,0.3381317168793243,0.3381317168793243
cat__diag_3_250.93,0.33886298315958974,0.33886298315958974
cat__diag_3_251,0.6215746401281126,0.6215746401281126
cat__diag_3_252,0.7265619589701907,0.7265619589701907
cat__diag_3_253,-0.1355944684923981,0.1355944684923981
cat__diag_3_255,1.0326945860460601,1.0326945860460601
cat__diag_3_256,0.6909419307440295,0.6909419307440295
cat__diag_3_258,-0.14876024581802988,0.14876024581802988
cat__diag_3_259,-0.16888047130581077,0.16888047130581077
cat__diag_3_260,-1.2278601274940202,1.2278601274940202
cat__diag_3_261,1.0802723300851789,1.0802723300851789
cat__diag_3_262,-0.9147934468877986,0.9147934468877986
cat__diag_3_263,0.23344964766163634,0.23344964766163634
cat__diag_3_265,-0.16695233887868252,0.16695233887868252
cat__diag_3_266,0.2295303613003769,0.2295303613003769
cat__diag_3_268,-0.28467970610969096,0.28467970610969096
cat__diag_3_27,-0.13278451443432016,0.13278451443432016
cat__diag_3_270,-0.6083249942945277,0.6083249942945277
cat__diag_3_271,-0.10029208910572891,0.10029208910572891
cat__diag_3_272,0.06334704008142045,0.06334704008142045
cat__diag_3_273,1.5190298747162472,1.5190298747162472
cat__diag_3_274,-0.26892436784913054,0.26892436784913054
cat__diag_3_275,0.1042563611568439,0.1042563611568439
cat__diag_3_276,0.2279406498185243,0.2279406498185243
cat__diag_3_277,0.392774036357284,0.392774036357284
cat__diag_3_278,-0.027165484560629647,0.027165484560629647
cat__diag_3_279,0.6005926344581207,0.6005926344581207
cat__diag_3_280,0.3599023995305142,0.3599023995305142
cat__diag_3_281,0.34836877318009807,0.34836877318009807
cat__diag_3_282,-0.04030392378130113,0.04030392378130113
cat__diag_3_283,0.28684658188668993,0.28684658188668993
cat__diag_3_284,0.1548270119293666,0.1548270119293666
cat__diag_3_285,0.08584998013149454,0.08584998013149454
cat__diag_3_286,0.5529407304884764,0.5529407304884764
cat__diag_3_287,0.04924888308122377,0.04924888308122377
cat__diag_3_288,-0.053775027128122335,0.053775027128122335
cat__diag_3_289,0.09935653447220628,0.09935653447220628
cat__diag_3_290,-0.27170143300552657,0.27170143300552657
cat__diag_3_291,-0.03352926665877356,0.03352926665877356
cat__diag_3_292,0.44823208190951763,0.44823208190951763
cat__diag_3_293,-0.378762189081548,0.378762189081548
cat__diag_3_294,0.31044205073080094,0.31044205073080094
cat__diag_3_295,0.30892797995487153,0.30892797995487153
cat__diag_3_296,0.3869521413686094,0.3869521413686094
cat__diag_3_297,1.251742645107449,1.251742645107449
cat__diag_3_298,0.9104654773302403,0.9104654773302403
cat__diag_3_299,-0.4285087806643056,0.4285087806643056
cat__diag_3_3,-0.35160368000878706,0.35160368000878706
cat__diag_3_300,0.16901985659672086,0.16901985659672086
cat__diag_3_301,0.37440762352700835,0.37440762352700835
cat__diag_3_303,0.2030061546503132,0.2030061546503132
cat__diag_3_304,0.478788490812232,0.478788490812232
cat__diag_3_305,0.11517677141509897,0.11517677141509897
cat__diag_3_306,0.32822875892789805,0.32822875892789805
cat__diag_3_307,-1.4964150288644098,1.4964150288644098
cat__diag_3_308,-0.13408848650690836,0.13408848650690836
cat__diag_3_309,0.5998366303156559,0.5998366303156559
cat__diag_3_310,0.9735904762283037,0.9735904762283037
cat__diag_3_311,0.13328229208789832,0.13328229208789832
cat__diag_3_312,0.3849245134362924,0.3849245134362924
cat__diag_3_313,0.9912180746855654,0.9912180746855654
cat__diag_3_314,0.6443718845870856,0.6443718845870856
cat__diag_3_315,-0.09785014507012837,0.09785014507012837
cat__diag_3_317,-0.7989370970326,0.7989370970326
cat__diag_3_318,0.29698918137908914,0.29698918137908914
cat__diag_3_319,0.19834477848619325,0.19834477848619325
cat__diag_3_323,-0.18381625008250646,0.18381625008250646
cat__diag_3_327,-0.14238445159857593,0.14238445159857593
cat__diag_3_331,0.43893716346845457,0.43893716346845457
cat__diag_3_332,0.4284102234855534,0.4284102234855534
cat__diag_3_333,-0.1485272941316948,0.1485272941316948
cat__diag_3_334,-0.06263592277651663,0.06263592277651663
cat__diag_3_335,-0.6334422342215287,0.6334422342215287
cat__diag_3_336,0.42676454374876727,0.42676454374876727
cat__diag_3_337,-0.23703403925274982,0.23703403925274982
cat__diag_3_338,0.1754057605705362,0.1754057605705362
cat__diag_3_34,-0.3371944061232683,0.3371944061232683
cat__diag_3_340,0.11145259579966102,0.11145259579966102
cat__diag_3_342,0.35575422204362667,0.35575422204362667
cat__diag_3_343,0.5773173950880102,0.5773173950880102
cat__diag_3_344,-0.7981021734322249,0.7981021734322249
cat__diag_3_345,0.748029834138473,0.748029834138473
cat__diag_3_346,0.1643429655826633,0.1643429655826633
cat__diag_3_347,0.981595493856907,0.981595493856907
cat__diag_3_348,-0.17817837035577505,0.17817837035577505
cat__diag_3_349,0.7261301947902681,0.7261301947902681
cat__diag_3_35,-0.3390572002521644,0.3390572002521644
cat__diag_3_350,-0.2653208458582252,0.2653208458582252
cat__diag_3_351,-0.7890527442478781,0.7890527442478781
cat__diag_3_353,-0.3317104772190819,0.3317104772190819
cat__diag_3_354,-0.5666135637097772,0.5666135637097772
cat__diag_3_355,-1.3208571600250727,1.3208571600250727
cat__diag_3_356,-0.8336388335771229,0.8336388335771229
cat__diag_3_357,0.29831372152258784,0.29831372152258784
cat__diag_3_358,-1.5390664358320179,1.5390664358320179
cat__diag_3_359,-0.7724443404759282,0.7724443404759282
cat__diag_3_360,-0.24190155730195875,0.24190155730195875
cat__diag_3_361,-0.08254258359084367,0.08254258359084367
cat__diag_3_362,0.21570730567913388,0.21570730567913388
cat__diag_3_365,0.27158981313867514,0.27158981313867514
cat__diag_3_365.44,1.3486308493483212,1.3486308493483212
cat__diag_3_366,-0.48637390039468165,0.48637390039468165
cat__diag_3_368,-0.7491955361271344,0.7491955361271344
cat__diag_3_369,-0.5299536773904349,0.5299536773904349
cat__diag_3_370,-0.07658553394671005,0.07658553394671005
cat__diag_3_372,-0.18517126527386085,0.18517126527386085
cat__diag_3_373,-0.37564186900950636,0.37564186900950636
cat__diag_3_374,-0.07737392679595537,0.07737392679595537
cat__diag_3_376,-0.1655334175258193,0.1655334175258193
cat__diag_3_377,-0.443394714788991,0.443394714788991
cat__diag_3_378,-0.3516834095094434,0.3516834095094434
cat__diag_3_379,0.6729250941539153,0.6729250941539153
cat__diag_3_38,0.28086023475199245,0.28086023475199245
cat__diag_3_380,-0.8055705576859467,0.8055705576859467
cat__diag_3_381,-0.12351683087612267,0.12351683087612267
cat__diag_3_382,0.41786807117377806,0.41786807117377806
cat__diag_3_383,0.3674209690475216,0.3674209690475216
cat__diag_3_384,-0.24762446864251786,0.24762446864251786
cat__diag_3_385,-0.07331170748938663,0.07331170748938663
cat__diag_3_386,-1.3758929794031751,1.3758929794031751
cat__diag_3_387,-0.20896777903166802,0.20896777903166802
cat__diag_3_388,-0.5250071013310075,0.5250071013310075
cat__diag_3_389,-0.8531475872914002,0.8531475872914002
cat__diag_3_391,1.15452751257219,1.15452751257219
cat__diag_3_394,0.6549946593897722,0.6549946593897722
cat__diag_3_396,0.5326550715220519,0.5326550715220519
cat__diag_3_397,0.011109869861148121,0.011109869861148121
cat__diag_3_398,0.099149029578355,0.099149029578355
cat__diag_3_401,0.11873659957956201,0.11873659957956201
cat__diag_3_402,-0.1430788594125713,0.1430788594125713
cat__diag_3_403,0.42777593766420247,0.42777593766420247
cat__diag_3_404,0.5164625218866461,0.5164625218866461
cat__diag_3_405,-0.9506253715138013,0.9506253715138013
cat__diag_3_41,-0.08283758291595963,0.08283758291595963
cat__diag_3_410,-0.10092931320599095,0.10092931320599095
cat__diag_3_411,0.18346646632163544,0.18346646632163544
cat__diag_3_412,0.39304816326905784,0.39304816326905784
cat__diag_3_413,-0.19695673879423203,0.19695673879423203
cat__diag_3_414,0.11211476100724216,0.11211476100724216
cat__diag_3_415,0.3856285326412676,0.3856285326412676
cat__diag_3_416,0.34295026663754175,0.34295026663754175
cat__diag_3_417,-0.29647630324274293,0.29647630324274293
cat__diag_3_42,1.5376266719799179,1.5376266719799179
cat__diag_3_420,1.3472408926583224,1.3472408926583224
cat__diag_3_421,-0.8312178991073457,0.8312178991073457
cat__diag_3_423,0.1900269491126537,0.1900269491126537
cat__diag_3_424,0.08893334098431069,0.08893334098431069
cat__diag_3_425,0.18247996288363488,0.18247996288363488
cat__diag_3_426,0.023404629514815423,0.023404629514815423
cat__diag_3_427,0.2303676572588808,0.2303676572588808
cat__diag_3_428,0.23526364418461101,0.23526364418461101
cat__diag_3_429,0.17169660047065846,0.17169660047065846
cat__diag_3_430,-0.2941288006406267,0.2941288006406267
cat__diag_3_431,-0.603936395720454,0.603936395720454
cat__diag_3_432,0.30852505593633395,0.30852505593633395
cat__diag_3_433,0.32687548624747964,0.32687548624747964
cat__diag_3_434,0.006726993445552001,0.006726993445552001
cat__diag_3_435,0.38741419667636817,0.38741419667636817
cat__diag_3_436,0.33482185924166313,0.33482185924166313
cat__diag_3_437,-0.12323455193131241,0.12323455193131241
cat__diag_3_438,0.28874130218279076,0.28874130218279076
cat__diag_3_440,0.1787972469619301,0.1787972469619301
cat__diag_3_441,0.5088574876027429,0.5088574876027429
cat__diag_3_442,0.2434304589713268,0.2434304589713268
cat__diag_3_443,0.20232605082646654,0.20232605082646654
cat__diag_3_444,0.6121585350090497,0.6121585350090497
cat__diag_3_445,-0.43103169209326153,0.43103169209326153
cat__diag_3_446,-0.3722714633230104,0.3722714633230104
cat__diag_3_447,0.4998511842986311,0.4998511842986311
cat__diag_3_448,-0.12065662282645058,0.12065662282645058
cat__diag_3_451,0.5858360843572816,0.5858360843572816
cat__diag_3_452,0.888210954355278,0.888210954355278
cat__diag_3_453,0.8231969308917305,0.8231969308917305
cat__diag_3_454,-1.1580078468433965,1.1580078468433965
cat__diag_3_455,-0.492635442940362,0.492635442940362
cat__diag_3_456,0.20554365061111085,0.20554365061111085
cat__diag_3_457,0.7684143308941713,0.7684143308941713
cat__diag_3_458,-0.1811825205430745,0.1811825205430745
cat__diag_3_459,0.4101616771395146,0.4101616771395146
cat__diag_3_460,-0.20496809782278308,0.20496809782278308
cat__diag_3_461,0.2228621322543068,0.2228621322543068
cat__diag_3_462,0.23890823114107032,0.23890823114107032
cat__diag_3_463,-0.18672912332115119,0.18672912332115119
cat__diag_3_464,-0.42864747705022244,0.42864747705022244
cat__diag_3_465,-0.33303326877530326,0.33303326877530326
cat__diag_3_466,-0.2269082855163454,0.2269082855163454
cat__diag_3_470,-0.27135144187461874,0.27135144187461874
cat__diag_3_472,-0.4611501142675571,0.4611501142675571
cat__diag_3_473,-0.4348674455713326,0.4348674455713326
cat__diag_3_475,-0.14931840631249937,0.14931840631249937
cat__diag_3_477,0.7732138230055171,0.7732138230055171
cat__diag_3_478,-0.4274055476629112,0.4274055476629112
cat__diag_3_480,-0.1623572892503589,0.1623572892503589
cat__diag_3_481,-0.527365605815881,0.527365605815881
cat__diag_3_482,-0.13316509213175118,0.13316509213175118
cat__diag_3_485,-0.069340827764069,0.069340827764069
cat__diag_3_486,0.2239121206035324,0.2239121206035324
cat__diag_3_487,-0.1689849309063057,0.1689849309063057
cat__diag_3_49,1.581387454687157,1.581387454687157
cat__diag_3_490,-0.8894604107143131,0.8894604107143131
cat__diag_3_491,0.24165637275508223,0.24165637275508223
cat__diag_3_492,-0.2611807258569415,0.2611807258569415
cat__diag_3_493,0.4537155180459682,0.4537155180459682
cat__diag_3_494,0.6550525801179621,0.6550525801179621
cat__diag_3_495,-0.44093562267408964,0.44093562267408964
cat__diag_3_496,0.3282306526296563,0.3282306526296563
cat__diag_3_5,-0.1294294755671327,0.1294294755671327
cat__diag_3_500,-0.6002158256664848,0.6002158256664848
cat__diag_3_501,-1.0983790475332522,1.0983790475332522
cat__diag_3_506,1.4954580595704425,1.4954580595704425
cat__diag_3_507,0.2511242587760506,0.2511242587760506
cat__diag_3_508,-0.784342424925691,0.784342424925691
cat__diag_3_510,-0.5395975528780019,0.5395975528780019
cat__diag_3_511,0.5771013319764913,0.5771013319764913
cat__diag_3_512,0.5944644190652226,0.5944644190652226
cat__diag_3_514,0.018000436039996192,0.018000436039996192
cat__diag_3_515,-0.13431883084335336,0.13431883084335336
cat__diag_3_516,-1.0438679395069252,1.0438679395069252
cat__diag_3_517,-0.3273523034827297,0.3273523034827297
cat__diag_3_518,0.46204301627699534,0.46204301627699534
cat__diag_3_519,0.05764934362521104,0.05764934362521104
cat__diag_3_521,0.3947570490159808,0.3947570490159808
cat__diag_3_522,1.3577470891749908,1.3577470891749908
cat__diag_3_523,0.9462235445715502,0.9462235445715502
cat__diag_3_525,-0.2690675019269072,0.2690675019269072
cat__diag_3_527,-0.5795993547243594,0.5795993547243594
cat__diag_3_528,1.124223371238158,1.124223371238158
cat__diag_3_529,-0.3823384774128817,0.3823384774128817
cat__diag_3_53,-0.05344736120628538,0.05344736120628538
cat__diag_3_530,0.23506190210401723,0.23506190210401723
cat__diag_3_531,0.21081143189926801,0.21081143189926801
cat__diag_3_532,-0.2780128298206257,0.2780128298206257
cat__diag_3_533,0.012728659506117894,0.012728659506117894
cat__diag_3_534,1.0115331292537595,1.0115331292537595
cat__diag_3_535,0.3143106243474392,0.3143106243474392
cat__diag_3_536,0.647494580595249,0.647494580595249
cat__diag_3_537,-2.0542099233032673,2.0542099233032673
cat__diag_3_538,-0.11723813445162376,0.11723813445162376
cat__diag_3_54,-1.0316889283557518,1.0316889283557518
cat__diag_3_540,-0.14961066304945295,0.14961066304945295
cat__diag_3_543,-0.2988104459454375,0.2988104459454375
cat__diag_3_550,0.28474114580295773,0.28474114580295773
cat__diag_3_552,0.6231106766207163,0.6231106766207163
cat__diag_3_553,-0.952694706983015,0.952694706983015
cat__diag_3_555,-0.3514448118565115,0.3514448118565115
cat__diag_3_556,-1.3805875254305664,1.3805875254305664
cat__diag_3_557,1.385768060866841,1.385768060866841
cat__diag_3_558,0.0785546935960046,0.0785546935960046
cat__diag_3_560,0.3397423191995424,0.3397423191995424
cat__diag_3_562,0.4151685513197184,0.4151685513197184
cat__diag_3_564,0.16450551406647385,0.16450551406647385
cat__diag_3_565,-0.4052691143885753,0.4052691143885753
cat__diag_3_566,-0.41391724086920734,0.41391724086920734
cat__diag_3_567,-0.1637691033079359,0.1637691033079359
cat__diag_3_568,-0.22028987341420422,0.22028987341420422
cat__diag_3_569,0.5415424984951667,0.5415424984951667
cat__diag_3_57,-0.1616828119357066,0.1616828119357066
cat__diag_3_570,0.1117873686389489,0.1117873686389489
cat__diag_3_571,0.4799159191398302,0.4799159191398302
cat__diag_3_572,0.14909387343907432,0.14909387343907432
cat__diag_3_573,0.4465618780065628,0.4465618780065628
cat__diag_3_574,-0.05055772155814331,0.05055772155814331
cat__diag_3_575,0.3540482575511327,0.3540482575511327
cat__diag_3_576,0.46670209533256585,0.46670209533256585
cat__diag_3_577,0.48259702278161687,0.48259702278161687
cat__diag_3_578,0.4664929346452709,0.4664929346452709
cat__diag_3_579,-1.2843459507086588,1.2843459507086588
cat__diag_3_580,-0.08330684312376727,0.08330684312376727
cat__diag_3_581,0.9687195011274298,0.9687195011274298
cat__diag_3_582,0.6869545853072223,0.6869545853072223
cat__diag_3_583,-0.20696035802127605,0.20696035802127605
cat__diag_3_584,0.37020730071980124,0.37020730071980124
cat__diag_3_585,0.365103803167555,0.365103803167555
cat__diag_3_586,-0.1713508853816792,0.1713508853816792
cat__diag_3_588,0.20235112255627058,0.20235112255627058
cat__diag_3_590,-0.09499308047726565,0.09499308047726565
cat__diag_3_591,0.2300582900007696,0.2300582900007696
cat__diag_3_592,0.42258026856878,0.42258026856878
cat__diag_3_593,0.2356729624128156,0.2356729624128156
cat__diag_3_594,-0.7355364681376417,0.7355364681376417
cat__diag_3_595,0.13298026522395323,0.13298026522395323
cat__diag_3_596,0.7083405297878066,0.7083405297878066
cat__diag_3_597,1.003303268302598,1.003303268302598
cat__diag_3_598,0.6951479844382271,0.6951479844382271
cat__diag_3_599,0.14098928976469177,0.14098928976469177
cat__diag_3_600,-0.07698081802315689,0.07698081802315689
cat__diag_3_601,-1.0560620291665028,1.0560620291665028
cat__diag_3_602,2.103580372900469,2.103580372900469
cat__diag_3_603,-0.10497119710254142,0.10497119710254142
cat__diag_3_604,0.6083081209838019,0.6083081209838019
cat__diag_3_605,-0.5159686361547949,0.5159686361547949
cat__diag_3_607,0.9752798025723017,0.9752798025723017
cat__diag_3_608,0.5112929746443939,0.5112929746443939
cat__diag_3_610,-0.5593084103772878,0.5593084103772878
cat__diag_3_611,-1.030850529465472,1.030850529465472
cat__diag_3_614,0.7179957546949877,0.7179957546949877
cat__diag_3_616,0.1460213135025757,0.1460213135025757
cat__diag_3_617,0.20652239219640114,0.20652239219640114
cat__diag_3_618,0.31722551272408406,0.31722551272408406
cat__diag_3_619,1.474205477750597,1.474205477750597
cat__diag_3_620,-1.280478175006014,1.280478175006014
cat__diag_3_621,-0.8097912384196434,0.8097912384196434
cat__diag_3_622,-0.16009897291973077,0.16009897291973077
cat__diag_3_623,-0.29165703839166923,0.29165703839166923
cat__diag_3_624,-0.23061985040806018,0.23061985040806018
cat__diag_3_625,0.45794854288387965,0.45794854288387965
cat__diag_3_626,-1.3530652208638885,1.3530652208638885
cat__diag_3_627,-0.9208528490049851,0.9208528490049851
cat__diag_3_641,-0.1555313914820496,0.1555313914820496
cat__diag_3_642,-1.6096373116414109,1.6096373116414109
cat__diag_3_643,-0.30016932299296006,0.30016932299296006
cat__diag_3_644,-0.6429856520781286,0.6429856520781286
cat__diag_3_646,0.23184448654703832,0.23184448654703832
cat__diag_3_647,-0.6124778005738472,0.6124778005738472
cat__diag_3_648,0.0675504748663956,0.0675504748663956
cat__diag_3_649,-0.34765582829617797,0.34765582829617797
cat__diag_3_652,-0.5541580263286329,0.5541580263286329
cat__diag_3_653,-0.28890864099826746,0.28890864099826746
cat__diag_3_654,-0.9986974293508815,0.9986974293508815
cat__diag_3_655,-0.3086886241864923,0.3086886241864923
cat__diag_3_656,-0.657509457575938,0.657509457575938
cat__diag_3_657,-0.039765845468430684,0.039765845468430684
cat__diag_3_658,-0.5468738545371187,0.5468738545371187
cat__diag_3_659,-1.3346345484108924,1.3346345484108924
cat__diag_3_66,-0.12567664735328982,0.12567664735328982
cat__diag_3_660,0.7949219993407837,0.7949219993407837
cat__diag_3_661,-0.22563591859009707,0.22563591859009707
cat__diag_3_663,-0.7588558557821087,0.7588558557821087
cat__diag_3_664,-0.9712636033910779,0.9712636033910779
cat__diag_3_665,-0.366007482833267,0.366007482833267
cat__diag_3_669,-0.05730492000675759,0.05730492000675759
cat__diag_3_670,-0.15918350988443097,0.15918350988443097
cat__diag_3_671,-0.20454856337799854,0.20454856337799854
cat__diag_3_674,-0.15110984781118797,0.15110984781118797
cat__diag_3_680,0.17444323036141549,0.17444323036141549
cat__diag_3_681,0.2994993258986735,0.2994993258986735
cat__diag_3_682,0.14429031912310422,0.14429031912310422
cat__diag_3_684,-0.14831842578727464,0.14831842578727464
cat__diag_3_685,-0.2298098224378781,0.2298098224378781
cat__diag_3_686,-0.05930346150727807,0.05930346150727807
cat__diag_3_690,-0.33790211000259673,0.33790211000259673
cat__diag_3_692,-0.4488458718578421,0.4488458718578421
cat__diag_3_693,-0.23644750707193546,0.23644750707193546
cat__diag_3_694,-1.2895302770716237,1.2895302770716237
cat__diag_3_695,-0.08063222110595868,0.08063222110595868
cat__diag_3_696,0.20406522109052294,0.20406522109052294
cat__diag_3_697,-0.12278602803857312,0.12278602803857312
cat__diag_3_698,-1.0505403475350554,1.0505403475350554
cat__diag_3_7,-0.308194968490161,0.308194968490161
cat__diag_3_70,0.39882470968950945,0.39882470968950945
cat__diag_3_701,-0.3967091811357736,0.3967091811357736
cat__diag_3_702,-0.1135538959072378,0.1135538959072378
cat__diag_3_703,-0.36796868399214644,0.36796868399214644
cat__diag_3_704,-0.8334545661470014,0.8334545661470014
cat__diag_3_705,-0.08442577595535479,0.08442577595535479
cat__diag_3_706,-0.3352922557858171,0.3352922557858171
cat__diag_3_707,0.26217481753197697,0.26217481753197697
cat__diag_3_708,0.8517262890512332,0.8517262890512332
cat__diag_3_709,-0.32883291180813556,0.32883291180813556
cat__diag_3_710,0.2688464837985482,0.2688464837985482
cat__diag_3_711,0.46908950057147564,0.46908950057147564
cat__diag_3_712,-0.3379670391917287,0.3379670391917287
cat__diag_3_713,-0.06005437755718455,0.06005437755718455
cat__diag_3_714,0.45298641063095224,0.45298641063095224
cat__diag_3_715,0.21632406697461093,0.21632406697461093
cat__diag_3_716,0.66714737773259,0.66714737773259
cat__diag_3_717,-0.603386496863454,0.603386496863454
cat__diag_3_718,-0.8378401900616961,0.8378401900616961
cat__diag_3_719,0.5903193562602201,0.5903193562602201
cat__diag_3_720,-0.20136506182690328,0.20136506182690328
cat__diag_3_721,0.3700477687275093,0.3700477687275093
cat__diag_3_722,0.32242363014336484,0.32242363014336484
cat__diag_3_723,0.45043265698799945,0.45043265698799945
cat__diag_3_724,-0.060899836493375076,0.060899836493375076
cat__diag_3_725,-0.09621870262849264,0.09621870262849264
cat__diag_3_726,0.2293819592335406,0.2293819592335406
cat__diag_3_727,0.5947516140581266,0.5947516140581266
cat__diag_3_728,0.09690494385573818,0.09690494385573818
cat__diag_3_729,0.4344880746438367,0.4344880746438367
cat__diag_3_730,0.2260944256521627,0.2260944256521627
cat__diag_3_731,-0.012664388519020896,0.012664388519020896
cat__diag_3_732,-0.12304293949040211,0.12304293949040211
cat__diag_3_733,0.47853386758180144,0.47853386758180144
cat__diag_3_734,-0.3410346843123432,0.3410346843123432
cat__diag_3_735,-0.2040837010827299,0.2040837010827299
cat__diag_3_736,-1.8426318721792077,1.8426318721792077
cat__diag_3_737,-0.4661390958927396,0.4661390958927396
cat__diag_3_738,-1.349888637638026,1.349888637638026
cat__diag_3_741,-0.11693909151533324,0.11693909151533324
cat__diag_3_742,-0.33838816424452595,0.33838816424452595
cat__diag_3_745,-0.2525462421018143,0.2525462421018143
cat__diag_3_746,-0.9282420600099869,0.9282420600099869
cat__diag_3_747,-0.8330705033432608,0.8330705033432608
cat__diag_3_75,-0.07641109562224016,0.07641109562224016
cat__diag_3_750,1.554587014802835,1.554587014802835
cat__diag_3_751,-0.36779539446146853,0.36779539446146853
cat__diag_3_752,-0.3291775457660336,0.3291775457660336
cat__diag_3_753,-0.10359715169019829,0.10359715169019829
cat__diag_3_754,-0.16891629259069355,0.16891629259069355
cat__diag_3_755,1.7394081302503863,1.7394081302503863
cat__diag_3_756,1.1482260673011602,1.1482260673011602
cat__diag_3_757,-0.10547191666212259,0.10547191666212259
cat__diag_3_758,-0.7192777662961402,0.7192777662961402
cat__diag_3_759,-0.38867381564571907,0.38867381564571907
cat__diag_3_78,-0.14792041110042656,0.14792041110042656
cat__diag_3_780,0.11587043564181652,0.11587043564181652
cat__diag_3_781,0.4895208611555127,0.4895208611555127
cat__diag_3_782,0.6120333975756055,0.6120333975756055
cat__diag_3_783,0.5462957965566414,0.5462957965566414
cat__diag_3_784,0.3078506225823283,0.3078506225823283
cat__diag_3_785,0.6257090340059759,0.6257090340059759
cat__diag_3_786,0.30543346856053566,0.30543346856053566
cat__diag_3_787,-0.027852323860851166,0.027852323860851166
cat__diag_3_788,0.20942211281642012,0.20942211281642012
cat__diag_3_789,0.6336954722804925,0.6336954722804925
cat__diag_3_79,0.3462741550302144,0.3462741550302144
cat__diag_3_790,0.49510931740429587,0.49510931740429587
cat__diag_3_791,0.23737652558729963,0.23737652558729963
cat__diag_3_792,-0.38645590780099237,0.38645590780099237
cat__diag_3_793,-0.565525404184277,0.565525404184277
cat__diag_3_794,0.472142573712468,0.472142573712468
cat__diag_3_795,-0.1380260889433499,0.1380260889433499
cat__diag_3_796,-1.1806147936326392,1.1806147936326392
cat__diag_3_797,-0.13333439709122755,0.13333439709122755
cat__diag_3_799,0.4070230087040906,0.4070230087040906
cat__diag_3_8,0.412675756509144,0.412675756509144
cat__diag_3_800,-0.1591789813553127,0.1591789813553127
cat__diag_3_801,0.13740582578735114,0.13740582578735114
cat__diag_3_802,0.04028908480517498,0.04028908480517498
cat__diag_3_805,-0.07857973494268636,0.07857973494268636
cat__diag_3_807,0.7275874880585925,0.7275874880585925
cat__diag_3_808,-0.16582186904998614,0.16582186904998614
cat__diag_3_810,-0.4334898570967835,0.4334898570967835
cat__diag_3_812,-0.47705854386325014,0.47705854386325014
cat__diag_3_813,0.4787486775670085,0.4787486775670085
cat__diag_3_814,-0.19866573005404728,0.19866573005404728
cat__diag_3_815,-0.6048507054102771,0.6048507054102771
cat__diag_3_816,-0.2714732521948698,0.2714732521948698
cat__diag_3_820,0.822617657733822,0.822617657733822
cat__diag_3_821,-0.42481319658145605,0.42481319658145605
cat__diag_3_822,-0.26887957911045296,0.26887957911045296
cat__diag_3_823,-1.0357381240850796,1.0357381240850796
cat__diag_3_824,-0.20484049359401532,0.20484049359401532
cat__diag_3_825,-0.5514429978956742,0.5514429978956742
cat__diag_3_826,-0.6451071893434643,0.6451071893434643
cat__diag_3_831,-0.5539392071599996,0.5539392071599996
cat__diag_3_834,-0.03253014392785301,0.03253014392785301
cat__diag_3_836,-0.8754245667080349,0.8754245667080349
cat__diag_3_837,1.308010220940107,1.308010220940107
cat__diag_3_840,0.13230703632115445,0.13230703632115445
cat__diag_3_841,-0.12201357709113897,0.12201357709113897
cat__diag_3_842,-0.27670924906092825,0.27670924906092825
cat__diag_3_844,-0.22594341911967708,0.22594341911967708
cat__diag_3_845,-0.8675501116850264,0.8675501116850264
cat__diag_3_847,-0.44137517877887544,0.44137517877887544
cat__diag_3_848,-0.20443668329143963,0.20443668329143963
cat__diag_3_850,-0.5228903222208879,0.5228903222208879
cat__diag_3_851,-0.43619194743996426,0.43619194743996426
cat__diag_3_852,0.9481714072336872,0.9481714072336872
cat__diag_3_853,-0.15521788882002538,0.15521788882002538
cat__diag_3_854,0.9985618303595755,0.9985618303595755
cat__diag_3_860,-0.6022785298414731,0.6022785298414731
cat__diag_3_861,1.1285443927870058,1.1285443927870058
cat__diag_3_862,-0.39573628914380005,0.39573628914380005
cat__diag_3_863,-0.19397177737752203,0.19397177737752203
cat__diag_3_864,-0.30567914144340524,0.30567914144340524
cat__diag_3_865,-0.46906010738795095,0.46906010738795095
cat__diag_3_866,-0.41161442031290996,0.41161442031290996
cat__diag_3_867,-0.0523005776080713,0.0523005776080713
cat__diag_3_868,-0.4129161132962149,0.4129161132962149
cat__diag_3_870,-0.3936910993330248,0.3936910993330248
cat__diag_3_872,-0.15805663037617154,0.15805663037617154
cat__diag_3_873,-0.46097113516682986,0.46097113516682986
cat__diag_3_876,-0.1466394162913051,0.1466394162913051
cat__diag_3_877,-0.1551570502673027,0.1551570502673027
cat__diag_3_879,-0.20385359850669774,0.20385359850669774
cat__diag_3_88,-0.18832199372986055,0.18832199372986055
cat__diag_3_881,-0.2929570666805165,0.2929570666805165
cat__diag_3_882,-0.6305948195569289,0.6305948195569289
cat__diag_3_883,-0.8483162226843206,0.8483162226843206
cat__diag_3_884,-0.24512787812472436,0.24512787812472436
cat__diag_3_890,0.8772052435115075,0.8772052435115075
cat__diag_3_891,-0.2107512625792983,0.2107512625792983
cat__diag_3_892,0.8903249718318532,0.8903249718318532
cat__diag_3_9,-0.5392102376161679,0.5392102376161679
cat__diag_3_905,-0.8518106959356061,0.8518106959356061
cat__diag_3_906,-0.4470136195247419,0.4470136195247419
cat__diag_3_907,-0.9673172465459463,0.9673172465459463
cat__diag_3_908,0.9021503567378785,0.9021503567378785
cat__diag_3_909,1.3110153373258142,1.3110153373258142
cat__diag_3_910,-0.3151779532666744,0.3151779532666744
cat__diag_3_911,-0.0890114901249116,0.0890114901249116
cat__diag_3_912,-0.33962419852038,0.33962419852038
cat__diag_3_913,0.5059101022923806,0.5059101022923806
cat__diag_3_915,-0.40930586477227593,0.40930586477227593
cat__diag_3_916,-0.7581722564289349,0.7581722564289349
cat__diag_3_917,0.5950193894751169,0.5950193894751169
cat__diag_3_918,-0.2450918267681149,0.2450918267681149
cat__diag_3_919,-0.1236363880414306,0.1236363880414306
cat__diag_3_920,0.33029136129321185,0.33029136129321185
cat__diag_3_921,0.5451225290135945,0.5451225290135945
cat__diag_3_922,-0.24707449572410717,0.24707449572410717
cat__diag_3_923,-1.5629235344075405,1.5629235344075405
cat__diag_3_924,-0.15332296501571083,0.15332296501571083
cat__diag_3_928,-0.306054707805535,0.306054707805535
cat__diag_3_930,-0.18574503730116,0.18574503730116
cat__diag_3_933,-0.49941131623872287,0.49941131623872287
cat__diag_3_934,0.49477677217265603,0.49477677217265603
cat__diag_3_935,-0.16690622151473306,0.16690622151473306
cat__diag_3_94,-0.47725369104332666,0.47725369104332666
cat__diag_3_943,-0.37113328754409136,0.37113328754409136
cat__diag_3_944,-0.18246919393929056,0.18246919393929056
cat__diag_3_945,0.1173329674936826,0.1173329674936826
cat__diag_3_948,-0.16746836931384612,0.16746836931384612
cat__diag_3_951,-0.08005719134460432,0.08005719134460432
cat__diag_3_952,-0.2606543758317454,0.2606543758317454
cat__diag_3_953,-0.333780992061432,0.333780992061432
cat__diag_3_956,-0.24371942704328142,0.24371942704328142
cat__diag_3_958,-0.8874050836415701,0.8874050836415701
cat__diag_3_959,-0.3768882778761835,0.3768882778761835
cat__diag_3_962,-1.167654642063002,1.167654642063002
cat__diag_3_965,-0.006507339292847389,0.006507339292847389
cat__diag_3_966,-0.138858176396942,0.138858176396942
cat__diag_3_967,0.7759472921945427,0.7759472921945427
cat__diag_3_969,-0.06789884187590399,0.06789884187590399
cat__diag_3_970,-0.31287637313560696,0.31287637313560696
cat__diag_3_980,0.595183029844863,0.595183029844863
cat__diag_3_987,-0.14932273656987907,0.14932273656987907
cat__diag_3_989,0.7838769357550776,0.7838769357550776
cat__diag_3_991,-0.48504369404682607,0.48504369404682607
cat__diag_3_992,-0.13769012421390464,0.13769012421390464
cat__diag_3_995,0.06380594144879129,0.06380594144879129
cat__diag_3_996,0.4705549437494756,0.4705549437494756
cat__diag_3_997,0.3212916216739132,0.3212916216739132
cat__diag_3_998,0.20077578718039885,0.20077578718039885
cat__diag_3_999,-0.34311667392424733,0.34311667392424733
cat__diag_3_E812,-0.9293774380060525,0.9293774380060525
cat__diag_3_E813,-0.23853356160761371,0.23853356160761371
cat__diag_3_E816,0.3568705323637779,0.3568705323637779
cat__diag_3_E817,1.066158723893634,1.066158723893634
cat__diag_3_E818,-0.44782292862151585,0.44782292862151585
cat__diag_3_E819,-0.39985365111889276,0.39985365111889276
cat__diag_3_E822,-0.27132596131384695,0.27132596131384695
cat__diag_3_E826,-0.19381237091562845,0.19381237091562845
cat__diag_3_E828,-0.04070429522568433,0.04070429522568433
cat__diag_3_E849,-0.32303292102306475,0.32303292102306475
cat__diag_3_E850,-0.649219279903498,0.649219279903498
cat__diag_3_E852,-0.4652777385402332,0.4652777385402332
cat__diag_3_E854,-0.14497904837819967,0.14497904837819967
cat__diag_3_E855,-0.19985417878640074,0.19985417878640074
cat__diag_3_E858,-0.4383787019843318,0.4383787019843318
cat__diag_3_E861,-0.08186001861357185,0.08186001861357185
cat__diag_3_E864,-0.17141840363223562,0.17141840363223562
cat__diag_3_E865,-0.1300311698292486,0.1300311698292486
cat__diag_3_E870,-0.45849525118899187,0.45849525118899187
cat__diag_3_E876,0.8884349414103135,0.8884349414103135
cat__diag_3_E878,0.18866085460888904,0.18866085460888904
cat__diag_3_E879,0.12332012617587929,0.12332012617587929
cat__diag_3_E880,0.28501871082858277,0.28501871082858277
cat__diag_3_E881,-0.6406696309997655,0.6406696309997655
cat__diag_3_E882,-0.1622009556501363,0.1622009556501363
cat__diag_3_E883,-0.12840940233155737,0.12840940233155737
cat__diag_3_E884,0.038926508267052316,0.038926508267052316
cat__diag_3_E885,-0.07077723390709498,0.07077723390709498
cat__diag_3_E886,-0.13745031736184776,0.13745031736184776
cat__diag_3_E887,-0.08320563495492417,0.08320563495492417
cat__diag_3_E888,-0.08314546833446143,0.08314546833446143
cat__diag_3_E894,-0.1100269910241489,0.1100269910241489
cat__diag_3_E900,-0.13778392994421457,0.13778392994421457
cat__diag_3_E901,-0.122217415467561,0.122217415467561
cat__diag_3_E904,-0.10333861816886328,0.10333861816886328
cat__diag_3_E905,-0.4257225044630344,0.4257225044630344
cat__diag_3_E906,-0.35040211694366363,0.35040211694366363
cat__diag_3_E915,-0.1547706821903268,0.1547706821903268
cat__diag_3_E916,-0.2452942435295765,0.2452942435295765
cat__diag_3_E917,0.9005717062433157,0.9005717062433157
cat__diag_3_E919,-0.16488755585774809,0.16488755585774809
cat__diag_3_E920,-0.3712877149239269,0.3712877149239269
cat__diag_3_E922,1.1848000786445465,1.1848000786445465
cat__diag_3_E924,-0.1630350628237372,0.1630350628237372
cat__diag_3_E927,0.548680138761229,0.548680138761229
cat__diag_3_E928,0.37244852817174234,0.37244852817174234
cat__diag_3_E929,0.5608893385603375,0.5608893385603375
cat__diag_3_E930,0.10940899052920562,0.10940899052920562
cat__diag_3_E931,-0.044423974840944874,0.044423974840944874
cat__diag_3_E932,0.28834452614273554,0.28834452614273554
cat__diag_3_E933,-0.11800002653879278,0.11800002653879278
cat__diag_3_E934,0.8595457105501962,0.8595457105501962
cat__diag_3_E935,0.6296619429124999,0.6296619429124999
cat__diag_3_E936,0.5039791163940311,0.5039791163940311
cat__diag_3_E937,0.30863384263801463,0.30863384263801463
cat__diag_3_E938,-0.5872681516373297,0.5872681516373297
cat__diag_3_E939,0.15306443214193544,0.15306443214193544
cat__diag_3_E941,-0.5573303742042127,0.5573303742042127
cat__diag_3_E942,0.718045275333491,0.718045275333491
cat__diag_3_E943,-0.3904956045781253,0.3904956045781253
cat__diag_3_E944,1.25249995607118,1.25249995607118
cat__diag_3_E945,-0.10133752188132564,0.10133752188132564
cat__diag_3_E946,1.2463871655963399,1.2463871655963399
cat__diag_3_E947,0.3643256411192319,0.3643256411192319
cat__diag_3_E949,-0.10380698341157378,0.10380698341157378
cat__diag_3_E950,0.23709468943701123,0.23709468943701123
cat__diag_3_E955,-0.002671932656195207,0.002671932656195207
cat__diag_3_E956,0.40704769115141703,0.40704769115141703
cat__diag_3_E965,-0.09791190221052394,0.09791190221052394
cat__diag_3_E966,-0.13142109109004607,0.13142109109004607
cat__diag_3_E980,-0.481581785133947,0.481581785133947
cat__diag_3_E987,-0.299866512817116,0.299866512817116
cat__diag_3_Unknown,-0.03421557916275802,0.03421557916275802
cat__diag_3_V01,-0.09438473399196022,0.09438473399196022
cat__diag_3_V02,-0.7577747249961289,0.7577747249961289
cat__diag_3_V03,-0.20466433709353712,0.20466433709353712
cat__diag_3_V06,-0.31148119966770493,0.31148119966770493
cat__diag_3_V07,-0.168936709979608,0.168936709979608
cat__diag_3_V08,-0.035837525628322854,0.035837525628322854
cat__diag_3_V09,-0.20407808047742193,0.20407808047742193
cat__diag_3_V10,-0.31907782223072617,0.31907782223072617
cat__diag_3_V11,-0.204879369071035,0.204879369071035
cat__diag_3_V12,0.7697024225676611,0.7697024225676611
cat__diag_3_V13,-0.6716746450760731,0.6716746450760731
cat__diag_3_V14,-0.8592811252492475,0.8592811252492475
cat__diag_3_V15,0.14011323651984323,0.14011323651984323
cat__diag_3_V16,-0.6353305895367148,0.6353305895367148
cat__diag_3_V17,-1.4909273791559212,1.4909273791559212
cat__diag_3_V18,-0.9367607212319048,0.9367607212319048
cat__diag_3_V22,-0.07305494274497179,0.07305494274497179
cat__diag_3_V23,-0.4395249051965417,0.4395249051965417
cat__diag_3_V25,-0.21279192740101027,0.21279192740101027
cat__diag_3_V27,-1.6729404296710055,1.6729404296710055
cat__diag_3_V42,0.38919814318805795,0.38919814318805795
cat__diag_3_V43,0.07225495336988813,0.07225495336988813
cat__diag_3_V44,-0.5238241222239669,0.5238241222239669
cat__diag_3_V45,0.030893167730581948,0.030893167730581948
cat__diag_3_V46,0.08435135093788748,0.08435135093788748
cat__diag_3_V49,0.6203757950310452,0.6203757950310452
cat__diag_3_V53,-0.9268327391293635,0.9268327391293635
cat__diag_3_V54,-0.2511553851034452,0.2511553851034452
cat__diag_3_V55,1.0636099207132377,1.0636099207132377
cat__diag_3_V57,-0.5240726715627307,0.5240726715627307
cat__diag_3_V58,0.11096558072474483,0.11096558072474483
cat__diag_3_V60,1.8703713307306284,1.8703713307306284
cat__diag_3_V61,-0.7141097138096042,0.7141097138096042
cat__diag_3_V62,-0.44580758657581426,0.44580758657581426
cat__diag_3_V63,-1.066351048332006,1.066351048332006
cat__diag_3_V64,1.4514115027386554,1.4514115027386554
cat__diag_3_V65,0.8558877356095671,0.8558877356095671
cat__diag_3_V66,-0.9138428800639488,0.9138428800639488
cat__diag_3_V70,-0.2183573317146836,0.2183573317146836
cat__diag_3_V72,0.69483668165541,0.69483668165541
cat__diag_3_V85,-0.15793529663156533,0.15793529663156533
cat__diag_3_V86,-0.52015093162463,0.52015093162463
cat__max_glu_serum_>200,0.05142946773596251,0.05142946773596251
cat__max_glu_serum_>300,-0.04873044129917274,0.04873044129917274
cat__max_glu_serum_Norm,0.009650600953376597,0.009650600953376597
cat__max_glu_serum_Unknown,-0.25669521287404773,0.25669521287404773
cat__A1Cresult_>7,-0.12519840099666485,0.12519840099666485
cat__A1Cresult_>8,-0.06951733414288674,0.06951733414288674
cat__A1Cresult_Norm,-0.0832759258801401,0.0832759258801401
cat__A1Cresult_Unknown,0.03364607553580665,0.03364607553580665
cat__metformin_Down,0.18254565626978664,0.18254565626978664
cat__metformin_No,-0.04072154704439493,0.04072154704439493
cat__metformin_Steady,-0.10310499359666354,0.10310499359666354
cat__metformin_Up,-0.2830647011126975,0.2830647011126975
cat__repaglinide_Down,-0.6426007541123094,0.6426007541123094
cat__repaglinide_No,0.052822350345077096,0.052822350345077096
cat__repaglinide_Steady,0.14866710920070353,0.14866710920070353
cat__repaglinide_Up,0.19676570908249927,0.19676570908249927
cat__nateglinide_Down,0.2269400625348085,0.2269400625348085
cat__nateglinide_No,0.01575418036412532,0.01575418036412532
cat__nateglinide_Steady,0.053191934596674664,0.053191934596674664
cat__nateglinide_Up,-0.5402317629795451,0.5402317629795451
cat__chlorpropamide_Down,-0.11446129826416203,0.11446129826416203
cat__chlorpropamide_No,0.3853640956424627,0.3853640956424627
cat__chlorpropamide_Steady,0.04870188728895018,0.04870188728895018
cat__chlorpropamide_Up,-0.56395027015117,0.56395027015117
cat__glimepiride_Down,0.0722171115013187,0.0722171115013187
cat__glimepiride_No,-0.10374436425466345,0.10374436425466345
cat__glimepiride_Steady,-0.2353973464224576,0.2353973464224576
cat__glimepiride_Up,0.022579013691768384,0.022579013691768384
cat__acetohexamide_No,-0.24434558548395788,0.24434558548395788
cat__glipizide_Down,0.026898038970692335,0.026898038970692335
cat__glipizide_No,-0.17061917294289586,0.17061917294289586
cat__glipizide_Steady,-0.11693499022292532,0.11693499022292532
cat__glipizide_Up,0.016310538711201705,0.016310538711201705
cat__glyburide_Down,-0.137323158080867,0.137323158080867
cat__glyburide_No,-0.03885152935456576,0.03885152935456576
cat__glyburide_Steady,-0.007065748166986636,0.007065748166986636
cat__glyburide_Up,-0.06110514988157589,0.06110514988157589
cat__tolbutamide_No,0.07992147775845566,0.07992147775845566
cat__tolbutamide_Steady,-0.324267063242426,0.324267063242426
cat__pioglitazone_Down,0.12570891217265803,0.12570891217265803
cat__pioglitazone_No,-0.13977607549418358,0.13977607549418358
cat__pioglitazone_Steady,-0.20808795337218952,0.20808795337218952
cat__pioglitazone_Up,-0.022190468790320907,0.022190468790320907
cat__rosiglitazone_Down,-0.5670997526980376,0.5670997526980376
cat__rosiglitazone_No,0.1944020508895335,0.1944020508895335
cat__rosiglitazone_Steady,0.18426633433230724,0.18426633433230724
cat__rosiglitazone_Up,-0.05591421800774984,0.05591421800774984
cat__acarbose_Down,0.29842525731159014,0.29842525731159014
cat__acarbose_No,-0.19080617349083495,0.19080617349083495
cat__acarbose_Steady,-0.6369629248842764,0.6369629248842764
cat__acarbose_Up,0.28499825557956104,0.28499825557956104
cat__miglitol_Down,0.018975893580094518,0.018975893580094518
cat__miglitol_No,0.26105551230738566,0.26105551230738566
cat__miglitol_Steady,-0.049158943980263464,0.049158943980263464
cat__miglitol_Up,-0.4752180473911346,0.4752180473911346
cat__troglitazone_No,-0.24434558548395788,0.24434558548395788
cat__tolazamide_No,0.03140502870557987,0.03140502870557987
cat__tolazamide_Steady,-0.030894362114107652,0.030894362114107652
cat__tolazamide_Up,-0.24485625207541736,0.24485625207541736
cat__examide_No,-0.24434558548395788,0.24434558548395788
cat__citoglipton_No,-0.24434558548395788,0.24434558548395788
cat__insulin_Down,0.043311691907198815,0.043311691907198815
cat__insulin_No,-0.12201883810101485,0.12201883810101485
cat__insulin_Steady,-0.1034412388083977,0.1034412388083977
cat__insulin_Up,-0.062197200481747025,0.062197200481747025
cat__glyburide-metformin_Down,-0.49693564837227766,0.49693564837227766
cat__glyburide-metformin_No,0.4494690957832201,0.4494690957832201
cat__glyburide-metformin_Steady,0.33112593877411606,0.33112593877411606
cat__glyburide-metformin_Up,-0.528004971669058,0.528004971669058
cat__glipizide-metformin_No,-0.3312336153105596,0.3312336153105596
cat__glipizide-metformin_Steady,0.08688802982660356,0.08688802982660356
cat__glimepiride-pioglitazone_No,0.04948739474619883,0.04948739474619883
cat__glimepiride-pioglitazone_Steady,-0.29383298023013915,0.29383298023013915
cat__metformin-rosiglitazone_No,0.09903870527962179,0.09903870527962179
cat__metformin-rosiglitazone_Steady,-0.34338429076357707,0.34338429076357707
cat__metformin-pioglitazone_No,-0.06473148086852835,0.06473148086852835
cat__metformin-pioglitazone_Steady,-0.17961410461542573,0.17961410461542573
cat__change_Ch,-0.149404733535597,0.149404733535597
cat__change_No,-0.09494085194830328,0.09494085194830328
cat__diabetesMed_No,-0.20738806471667154,0.20738806471667154
cat__diabetesMed_Yes,-0.03695752076733923,0.03695752076733923
